OID_,Value,Count,BPS_CODE,ZONE,BPS_MODEL,BPS_NAME,GROUPVEG,FRI_REPLAC,FRI_MIXED,FRI_SURFAC,FRI_ALLFIR,PRC_REPLAC,PRC_MIXED,PRC_SURFAC,FRG_NEW,R,G,B,RED,GREEN,BLUE
2,-1111,8829.000000000000000,-1111,-1111,-1111,Fill-Not Mapped,Fill-Not Mapped,-9999,-9999,-9999,-9999,-9999,-9999,-9999,-9999,111,111,111,0.435294000000000,0.435294000000000,0.435294000000000
3,11,36468107.000000000000000,11,0,0,Open Water,Open Water,-9999,-9999,-9999,-9999,-9999,-9999,-9999,-9999,0,0,255,0.000000000000000,0.000000000000000,1.000000000000000
5,31,111267.000000000000000,31,0,0,Barren-Rock/Sand/Clay,Barren-Rock/Sand/Clay,-9999,-9999,-9999,-9999,-9999,-9999,-9999,-9999,191,191,191,0.749020000000000,0.749020000000000,0.749020000000000
1120,1527,5018.000000000000000,14730,45,14730_45_46_47_98_99,Gulf and Atlantic Coastal Plain Floodplain Systems,Riparian,115,-9999,100,53,46,-9999,54,III-A,102,119,205,0.400000000000000,0.466667000000000,0.803922000000000
1122,1529,2129.000000000000000,14800,45,14800_45_98,Gulf and Atlantic Coastal Plain Swamp Systems,Riparian,994,-9999,681,404,41,-9999,59,V-A,102,212,179,0.400000000000000,0.831373000000000,0.701961000000000
1126,1561,22320177.000000000000000,13022,50,13022_41_50_51,Laurentian-Acadian Northern Hardwoods Forest-Hemlock,Hardwood,2040,-9999,-9999,2040,100,-9999,-9999,V-B,76,230,0,0.298039000000000,0.901961000000000,0.000000000000000
1127,1562,14406012.000000000000000,13022,50,13022_41_50_51,Laurentian-Acadian Northern Hardwoods Forest-Hemlock,Hardwood,2040,-9999,-9999,2040,100,-9999,-9999,V-B,76,230,150,0.298039000000000,0.901961000000000,0.588235000000000
1128,1563,2558887.000000000000000,13100,50,13100_44_50,North-Central Interior Dry-Mesic Oak Forest and Woodland,Hardwood,123,49,76,24,20,48,32,I-C,176,163,222,0.690196000000000,0.639216000000000,0.870588000000000
1129,1564,274025.000000000000000,13110,50,13110_50,North-Central Interior Dry Oak Forest and Woodland,Hardwood,104,98,19,14,14,14,72,I-B,179,207,143,0.701961000000000,0.811765000000000,0.560784000000000
1130,1565,907654.000000000000000,13130,50,13130_47_50_51,North-Central Interior Beech-Maple Forest,Hardwood,1004,-9999,836,456,45,-9999,55,V-A,0,156,44,0.000000000000000,0.611765000000000,0.172549000000000
1131,1566,7653823.000000000000000,13140,50,13140_38_39_40_41_42_43_44_50,North-Central Interior Maple-Basswood Forest,Hardwood,1027,-9999,857,467,46,-9999,54,V-A,237,161,102,0.929412000000000,0.631373000000000,0.400000000000000
1132,1568,1045537.000000000000000,13651,50,13651_40_41_50,Boreal White Spruce-Fir-Hardwood Forest-Inland,Conifer,250,1468,-9999,213,85,15,-9999,V-A,147,194,114,0.576471000000000,0.760784000000000,0.447059000000000
1133,1569,2410684.000000000000000,13660,50,13660_50,Laurentian-Acadian Pine-Hemlock-Hardwood Forest,Hardwood-Conifer,483,1018,291,154,32,15,53,III-B,208,255,99,0.815686000000000,1.000000000000000,0.388235000000000
1134,1570,33054824.000000000000000,13940,50,13940_50_51,North-Central Interior Oak Savanna,Hardwood,66,184,5,5,7,3,90,I-A,230,213,138,0.901961000000000,0.835294000000000,0.541176000000000
1135,1571,2977965.000000000000000,13950,50,13950_50,North-Central Oak Barrens,Hardwood,53,143,6,5,9,4,87,I-A,255,235,176,1.000000000000000,0.921569000000000,0.690196000000000
1136,1572,1965994.000000000000000,14071,50,14071_41_50_51,Laurentian Pine-Oak Barrens,Hardwood-Conifer,109,75,5,4,4,6,90,I-A,153,66,0,0.600000000000000,0.258824000000000,0.000000000000000
1137,1573,1047235.000000000000000,14072,50,14072_41_50_51,Laurentian Pine-Oak Barrens-Jack Pine,Conifer,25,46,18,8,34,18,48,I-B,153,66,100,0.600000000000000,0.258824000000000,0.392157000000000
1138,1574,69849.000000000000000,14090,50,14090_50_64,Great Lakes Alvar,Conifer,439,3247,-9999,387,88,12,-9999,V-A,227,235,117,0.890196000000000,0.921569000000000,0.458824000000000
1139,1575,2198919.000000000000000,14120,50,14120_39_40_41_42_43_50_51,North-Central Interior Sand and Gravel Tallgrass Prairie,Grassland,4,-9999,87,3,96,-9999,4,II-A,214,0,157,0.839216000000000,0.000000000000000,0.615686000000000
1140,1576,7488384.000000000000000,14210,50,14210_31_38_42_43_44_50_51,Central Tallgrass Prairie,Grassland,4,-9999,-9999,4,100,-9999,-9999,II-A,232,255,196,0.909804000000000,1.000000000000000,0.768627000000000
1141,1577,56467.000000000000000,14440,50,14440_41_50_51,Eastern Boreal Floodplain,Hardwood,-9999,581,312,203,-9999,35,65,V-A,69,69,156,0.270588000000000,0.270588000000000,0.611765000000000
1142,1578,183996.000000000000000,14660,50,14660_50_51,Great Lakes Wooded Dune and Swale,Riparian,3715,536,-9999,468,13,87,-9999,V-A,181,0,0,0.709804000000000,0.000000000000000,0.000000000000000
1143,1579,1401794.000000000000000,14710,50,14710_41_50,Central Interior and Appalachian Floodplain Systems,Riparian,-9999,432,67,58,-9999,14,86,III-A,0,191,176,0.000000000000000,0.749020000000000,0.690196000000000
1144,1580,815690.000000000000000,14750,50,14750_41_50_51_63_64_65_66,Laurentian-Acadian Floodplain Systems,Riparian,-9999,435,68,59,-9999,14,86,III-A,122,143,245,0.478431000000000,0.560784000000000,0.960784000000000
1145,1581,9075955.000000000000000,14770,50,14770_40_41_50_51,Boreal Acidic Peatland Systems,Riparian,716,-9999,123,105,15,-9999,85,III-B,106,0,138,0.415686000000000,0.000000000000000,0.541176000000000
1146,1582,1505040.000000000000000,14790,50,14790_41_42_47_48_50_51_53,Central Interior and Appalachian Swamp Systems,Riparian,987,-9999,-9999,987,100,-9999,-9999,V-B,207,61,255,0.811765000000000,0.239216000000000,1.000000000000000
1147,1583,5206168.000000000000000,14810,50,14810_41_50_51_63,Laurentian-Acadian Alkaline Conifer-Hardwood Swamp,Riparian,989,-9999,-9999,989,100,-9999,-9999,V-B,232,189,255,0.909804000000000,0.741176000000000,1.000000000000000
1148,1584,277054.000000000000000,14920,50,14920_41_50_51_52_63,Great Lakes Coastal Marsh Systems,Riparian,-9999,-9999,-9999,-9999,-9999,-9999,-9999,-9999,122,245,202,0.478431000000000,0.960784000000000,0.792157000000000
1149,1585,1322656.000000000000000,14930,50,14930_41_42_44_50,Central Interior and Appalachian Shrub-Herbaceous Wetland Systems,Riparian,17,-9999,-9999,17,100,-9999,-9999,II-C,240,150,20,0.941176000000000,0.588235000000000,0.078431000000000
1150,1586,944949.000000000000000,14940,50,14940_41_50_51,Laurentian-Acadian Shrub-Herbaceous Wetland Systems,Riparian,18,-9999,-9999,18,100,-9999,-9999,II-C,0,168,107,0.000000000000000,0.658824000000000,0.419608000000000
1151,1587,5107407.000000000000000,15170,50,15170_42_49_50,Paleozoic Plateau Bluff and Talus,Hardwood-Conifer,15,126,102,12,79,9,12,II-B,106,117,0,0.415686000000000,0.458824000000000,0.000000000000000
1152,1588,15600222.000000000000000,13022,41,13022_41_50_51,Laurentian-Acadian Northern Hardwoods Forest-Hemlock,Hardwood,2040,-9999,-9999,2040,100,-9999,-9999,V-B,76,230,0,0.298039000000000,0.901961000000000,0.000000000000000
1153,1589,1735857.000000000000000,13022,41,13022_41_50_51,Laurentian-Acadian Northern Hardwoods Forest-Hemlock,Hardwood,2040,-9999,-9999,2040,100,-9999,-9999,V-B,76,230,150,0.298039000000000,0.901961000000000,0.588235000000000
1154,1590,7138141.000000000000000,13100,41,13100_41_62,North-Central Interior Dry-Mesic Oak Forest and Woodland,Hardwood,74,56,23,13,18,24,58,I-B,176,163,222,0.690196000000000,0.639216000000000,0.870588000000000
1155,1591,12175245.000000000000000,13140,41,13140_38_39_40_41_42_43_44_50,North-Central Interior Maple-Basswood Forest,Hardwood,1027,-9999,857,467,46,-9999,54,V-A,237,161,102,0.929412000000000,0.631373000000000,0.400000000000000
1156,1592,457321.000000000000000,13310,41,13310_39_40_41,Eastern Great Plains Tallgrass Aspen Parkland,Hardwood,16,-9999,8,6,35,-9999,65,I-B,220,240,0,0.862745000000000,0.941176000000000,0.000000000000000
1157,1593,3460313.000000000000000,13440,41,13440_41,Boreal Jack Pine-Black Spruce Forest,Conifer,82,-9999,-9999,82,100,-9999,-9999,IV-A,255,140,140,1.000000000000000,0.549020000000000,0.549020000000000
1158,1596,13018302.000000000000000,13651,41,13651_40_41_50,Boreal White Spruce-Fir-Hardwood Forest-Inland,Conifer,250,1468,-9999,213,85,15,-9999,V-A,147,194,114,0.576471000000000,0.760784000000000,0.447059000000000
1159,1597,2540756.000000000000000,13652,41,13652_41,Boreal White Spruce-Fir-Hardwood Forest-Coastal,Conifer,939,1147,-9999,516,55,45,-9999,V-B,110,137,70,0.431373000000000,0.537255000000000,0.274510000000000
1160,1598,14764984.000000000000000,13653,41,13653_41,Boreal White Spruce-Fir-Hardwood Forest-Aspen-Birch,Conifer,112,243,-9999,76,68,32,-9999,III-A,255,255,145,1.000000000000000,1.000000000000000,0.568627000000000
1161,1599,8909275.000000000000000,13940,41,13940_39_40_41,North-Central Interior Oak Savanna,Hardwood,550,165,5,5,1,3,96,I-A,230,213,138,0.901961000000000,0.835294000000000,0.541176000000000
1162,1600,2501596.000000000000000,13950,41,13950_41_42_43_49_52,North-Central Oak Barrens,Hardwood,341,246,5,5,1,2,97,I-A,255,235,176,1.000000000000000,0.921569000000000,0.690196000000000
1163,1601,498108.000000000000000,14071,41,14071_41_50_51,Laurentian Pine-Oak Barrens,Hardwood-Conifer,109,75,5,4,4,6,90,I-A,153,66,0,0.600000000000000,0.258824000000000,0.000000000000000
1164,1602,11046083.000000000000000,14072,41,14072_41_50_51,Laurentian Pine-Oak Barrens-Jack Pine,Conifer,25,46,18,8,34,18,48,I-B,153,66,100,0.600000000000000,0.258824000000000,0.392157000000000
1165,1603,3016992.000000000000000,14120,41,14120_39_40_41_42_43_50_51,North-Central Interior Sand and Gravel Tallgrass Prairie,Grassland,4,-9999,87,3,96,-9999,4,II-A,214,0,157,0.839216000000000,0.000000000000000,0.615686000000000
1166,1604,10630183.000000000000000,14200,41,14200_41,Northern Tallgrass Prairie,Grassland,4,-9999,-9999,4,100,-9999,-9999,II-A,184,132,29,0.721569000000000,0.517647000000000,0.113725000000000
1167,1605,3308445.000000000000000,14440,41,14440_41_50_51,Eastern Boreal Floodplain,Hardwood,-9999,581,312,203,-9999,35,65,V-A,69,69,156,0.270588000000000,0.270588000000000,0.611765000000000
1168,1606,777077.000000000000000,14710,41,14710_41_50,Central Interior and Appalachian Floodplain Systems,Riparian,-9999,432,67,58,-9999,14,86,III-A,0,191,176,0.000000000000000,0.749020000000000,0.690196000000000
1169,1607,2298879.000000000000000,14750,41,14750_41_50_51_63_64_65_66,Laurentian-Acadian Floodplain Systems,Riparian,-9999,435,68,59,-9999,14,86,III-A,122,143,245,0.478431000000000,0.560784000000000,0.960784000000000
1170,1608,20227200.000000000000000,14770,41,14770_40_41_50_51,Boreal Acidic Peatland Systems,Riparian,716,-9999,123,105,15,-9999,85,III-B,106,0,138,0.415686000000000,0.000000000000000,0.541176000000000
1171,1609,1102775.000000000000000,14790,41,14790_41_42_47_48_50_51_53,Central Interior and Appalachian Swamp Systems,Riparian,987,-9999,-9999,987,100,-9999,-9999,V-B,207,61,255,0.811765000000000,0.239216000000000,1.000000000000000
1172,1610,5172789.000000000000000,14810,41,14810_41_50_51_63,Laurentian-Acadian Alkaline Conifer-Hardwood Swamp,Riparian,989,-9999,-9999,989,100,-9999,-9999,V-B,232,189,255,0.909804000000000,0.741176000000000,1.000000000000000
1173,1611,2289.000000000000000,14920,41,14920_41_50_51_52_63,Great Lakes Coastal Marsh Systems,Riparian,-9999,-9999,-9999,-9999,-9999,-9999,-9999,-9999,122,245,202,0.478431000000000,0.960784000000000,0.792157000000000
1174,1612,2605159.000000000000000,14930,41,14930_41_42_44_50,Central Interior and Appalachian Shrub-Herbaceous Wetland Systems,Riparian,17,-9999,-9999,17,100,-9999,-9999,II-C,240,150,20,0.941176000000000,0.588235000000000,0.078431000000000
1175,1613,4417576.000000000000000,14940,41,14940_41_50_51,Laurentian-Acadian Shrub-Herbaceous Wetland Systems,Riparian,18,-9999,-9999,18,100,-9999,-9999,II-C,0,168,107,0.000000000000000,0.658824000000000,0.419608000000000
1176,1614,23634794.000000000000000,13022,51,13022_41_50_51,Laurentian-Acadian Northern Hardwoods Forest-Hemlock,Hardwood,2040,-9999,-9999,2040,100,-9999,-9999,V-B,76,230,0,0.298039000000000,0.901961000000000,0.000000000000000
1177,1615,10454292.000000000000000,13022,51,13022_41_50_51,Laurentian-Acadian Northern Hardwoods Forest-Hemlock,Hardwood,2040,-9999,-9999,2040,100,-9999,-9999,V-B,76,230,150,0.298039000000000,0.901961000000000,0.588235000000000
1178,1616,457857.000000000000000,13023,51,13023_51,Laurentian-Acadian Northern Hardwoods Forest-Northern Sugar Maple-Basswood,Hardwood,1016,-9999,-9999,1016,100,-9999,-9999,V-B,38,105,0,0.149020000000000,0.411765000000000,0.000000000000000
1179,1617,8839521.000000000000000,13100,51,13100_51,North-Central Interior Dry-Mesic Oak Forest and Woodland,Hardwood,161,160,11,9,6,6,88,I-B,176,163,222,0.690196000000000,0.639216000000000,0.870588000000000
1180,1618,3232093.000000000000000,13110,51,13110_51,North-Central Interior Dry Oak Forest and Woodland,Hardwood,137,111,11,9,7,8,85,I-B,179,207,143,0.701961000000000,0.811765000000000,0.560784000000000
1181,1619,30755083.000000000000000,13130,51,13130_47_50_51,North-Central Interior Beech-Maple Forest,Hardwood,1004,-9999,836,456,45,-9999,55,V-A,0,156,44,0.000000000000000,0.611765000000000,0.172549000000000
1182,1620,2945536.000000000000000,13441,51,13441_51,Boreal Jack Pine-Black Spruce Forest-Pine Barrens,Conifer,34,64,7,5,15,8,77,I-A,255,140,140,1.000000000000000,0.549020000000000,0.549020000000000
1183,1621,301468.000000000000000,13442,51,13442_51,Boreal Jack Pine-Black Spruce Forest-Spruce-Fir,Conifer,112,-9999,-9999,112,100,-9999,-9999,IV-B,135,200,114,0.529412000000000,0.784314000000000,0.447059000000000
1184,1622,14317662.000000000000000,13620,51,13620_51_63_64_65_66,Laurentian-Acadian Northern Pine(-Oak) Forest,Hardwood-Conifer,309,447,65,48,16,11,73,III-A,255,191,191,1.000000000000000,0.749020000000000,0.749020000000000
1185,1623,5705783.000000000000000,13651,51,13651_51,Boreal White Spruce-Fir-Hardwood Forest-Inland,Conifer,490,524,-9999,253,52,48,-9999,V-A,147,194,114,0.576471000000000,0.760784000000000,0.447059000000000
1186,1624,3317735.000000000000000,13652,51,13652_51,Boreal White Spruce-Fir-Hardwood Forest-Coastal,Conifer,872,1306,-9999,523,60,40,-9999,V-B,110,137,70,0.431373000000000,0.537255000000000,0.274510000000000
1187,1625,8651989.000000000000000,13660,51,13660_51_63_64_65_66,Laurentian-Acadian Pine-Hemlock-Hardwood Forest,Hardwood-Conifer,482,998,289,153,32,15,53,III-B,208,255,99,0.815686000000000,1.000000000000000,0.388235000000000
1188,1626,1245281.000000000000000,13940,51,13940_50_51,North-Central Interior Oak Savanna,Hardwood,66,184,5,5,7,3,90,I-A,230,213,138,0.901961000000000,0.835294000000000,0.541176000000000
1189,1627,7617028.000000000000000,13950,51,13950_51,North-Central Oak Barrens,Hardwood,49,180,6,5,10,3,87,I-A,255,235,176,1.000000000000000,0.921569000000000,0.690196000000000
1190,1628,4695575.000000000000000,14071,51,14071_41_50_51,Laurentian Pine-Oak Barrens,Hardwood-Conifer,109,75,5,4,4,6,90,I-A,153,66,0,0.600000000000000,0.258824000000000,0.000000000000000
1191,1629,611883.000000000000000,14072,51,14072_41_50_51,Laurentian Pine-Oak Barrens-Jack Pine,Conifer,25,46,18,8,34,18,48,I-B,153,66,100,0.600000000000000,0.258824000000000,0.392157000000000
1192,1630,642281.000000000000000,14110,51,14110_49_51_52,Great Lakes Wet-Mesic Lakeplain Prairie,Riparian,24,-9999,-9999,24,100,-9999,-9999,II-C,235,255,0,0.921569000000000,1.000000000000000,0.000000000000000
1193,1631,666732.000000000000000,14120,51,14120_39_40_41_42_43_50_51,North-Central Interior Sand and Gravel Tallgrass Prairie,Grassland,4,-9999,87,3,96,-9999,4,II-A,214,0,157,0.839216000000000,0.000000000000000,0.615686000000000
1194,1632,625653.000000000000000,14210,51,14210_31_38_42_43_44_50_51,Central Tallgrass Prairie,Grassland,4,-9999,-9999,4,100,-9999,-9999,II-A,232,255,196,0.909804000000000,1.000000000000000,0.768627000000000
1195,1633,405425.000000000000000,14440,51,14440_41_50_51,Eastern Boreal Floodplain,Hardwood,-9999,581,312,203,-9999,35,65,V-A,69,69,156,0.270588000000000,0.270588000000000,0.611765000000000
1196,1634,62248.000000000000000,14660,51,14660_50_51,Great Lakes Wooded Dune and Swale,Riparian,3715,536,-9999,468,13,87,-9999,V-A,181,0,0,0.709804000000000,0.000000000000000,0.000000000000000
1197,1635,5026822.000000000000000,14710,51,14710_51_62,Central Interior and Appalachian Floodplain Systems,Riparian,-9999,429,67,58,-9999,14,86,III-A,0,191,176,0.000000000000000,0.749020000000000,0.690196000000000
1198,1636,1161264.000000000000000,14750,51,14750_41_50_51_63_64_65_66,Laurentian-Acadian Floodplain Systems,Riparian,-9999,435,68,59,-9999,14,86,III-A,122,143,245,0.478431000000000,0.560784000000000,0.960784000000000
1199,1637,6258222.000000000000000,14770,51,14770_40_41_50_51,Boreal Acidic Peatland Systems,Riparian,716,-9999,123,105,15,-9999,85,III-B,106,0,138,0.415686000000000,0.000000000000000,0.541176000000000
1200,1638,2860328.000000000000000,14790,51,14790_41_42_47_48_50_51_53,Central Interior and Appalachian Swamp Systems,Riparian,987,-9999,-9999,987,100,-9999,-9999,V-B,207,61,255,0.811765000000000,0.239216000000000,1.000000000000000
1201,1639,16974315.000000000000000,14810,51,14810_41_50_51_63,Laurentian-Acadian Alkaline Conifer-Hardwood Swamp,Riparian,989,-9999,-9999,989,100,-9999,-9999,V-B,232,189,255,0.909804000000000,0.741176000000000,1.000000000000000
1202,1640,199331.000000000000000,14920,51,14920_41_50_51_52_63,Great Lakes Coastal Marsh Systems,Riparian,-9999,-9999,-9999,-9999,-9999,-9999,-9999,-9999,122,245,202,0.478431000000000,0.960784000000000,0.792157000000000
1203,1641,12414.000000000000000,14940,51,14940_41_50_51,Laurentian-Acadian Shrub-Herbaceous Wetland Systems,Riparian,18,-9999,-9999,18,100,-9999,-9999,II-C,0,168,107,0.000000000000000,0.658824000000000,0.419608000000000
1207,1645,625.000000000000000,11620,40,11620_31_39_40,Western Great Plains Floodplain Systems,Riparian,250,94,196,51,20,54,26,III-A,102,153,205,0.400000000000000,0.600000000000000,0.803922000000000
1208,1646,366885.000000000000000,13010,40,13010_40,Boreal Aspen-Birch Forest,Conifer,82,-9999,-9999,82,100,-9999,-9999,IV-A,255,245,56,1.000000000000000,0.960784000000000,0.219608000000000
1209,1647,902.000000000000000,13020,40,13020_40,Laurentian-Acadian Northern Hardwoods Forest,Hardwood,2109,-9999,-9999,2109,100,-9999,-9999,V-B,76,230,0,0.298039000000000,0.901961000000000,0.000000000000000
1210,1648,531014.000000000000000,13140,40,13140_38_39_40_41_42_43_44_50,North-Central Interior Maple-Basswood Forest,Hardwood,1027,-9999,857,467,46,-9999,54,V-A,237,161,102,0.929412000000000,0.631373000000000,0.400000000000000
1211,1649,1351310.000000000000000,13310,40,13310_39_40_41,Eastern Great Plains Tallgrass Aspen Parkland,Hardwood,16,-9999,8,6,35,-9999,65,I-B,220,240,0,0.862745000000000,0.941176000000000,0.000000000000000
1212,1650,114427.000000000000000,13651,40,13651_40_41_50,Boreal White Spruce-Fir-Hardwood Forest-Inland,Conifer,250,1468,-9999,213,85,15,-9999,V-A,147,194,114,0.576471000000000,0.760784000000000,0.447059000000000
1214,1652,1130520.000000000000000,13940,40,13940_39_40_41,North-Central Interior Oak Savanna,Hardwood,550,165,5,5,1,3,96,I-A,230,213,138,0.901961000000000,0.835294000000000,0.541176000000000
1215,1653,1712380.000000000000000,14120,40,14120_39_40_41_42_43_50_51,North-Central Interior Sand and Gravel Tallgrass Prairie,Grassland,4,-9999,87,3,96,-9999,4,II-A,214,0,157,0.839216000000000,0.000000000000000,0.615686000000000
1216,1654,18714454.000000000000000,14200,40,14200_39_40_42,Northern Tallgrass Prairie,Grassland,6,-9999,-9999,6,100,-9999,-9999,II-B,184,132,29,0.721569000000000,0.517647000000000,0.113725000000000
1217,1655,425933.000000000000000,14690,40,14690_31_39_40_43,Eastern Great Plains Floodplain Systems,Riparian,517,77,176,48,9,63,28,III-A,75,170,190,0.294118000000000,0.666667000000000,0.745098000000000
1218,1656,2621808.000000000000000,14770,40,14770_40_41_50_51,Boreal Acidic Peatland Systems,Riparian,716,-9999,123,105,15,-9999,85,III-B,106,0,138,0.415686000000000,0.000000000000000,0.541176000000000
1219,1657,1140329.000000000000000,14820,40,14820_39_40,Great Plains Prairie Pothole,Grassland,50,-9999,-9999,50,100,-9999,-9999,IV-A,156,100,163,0.611765000000000,0.392157000000000,0.639216000000000
1220,1658,18437.000000000000000,14950,40,14950_31_39_40,Western Great Plains Depressional Wetland Systems,Riparian,20,-9999,-9999,20,100,-9999,-9999,II-C,104,0,156,0.407843000000000,0.000000000000000,0.611765000000000
1225,1663,267749.000000000000000,13100,39,13100_39,North-Central Interior Dry-Mesic Oak Forest and Woodland,Hardwood,112,43,47,19,17,43,40,I-C,176,163,222,0.690196000000000,0.639216000000000,0.870588000000000
1226,1664,35198.000000000000000,13110,39,13110_39,North-Central Interior Dry Oak Forest and Woodland,Hardwood,77,85,19,13,17,15,68,I-B,179,207,143,0.701961000000000,0.811765000000000,0.560784000000000
1227,1665,318776.000000000000000,13140,39,13140_38_39_40_41_42_43_44_50,North-Central Interior Maple-Basswood Forest,Hardwood,1027,-9999,857,467,46,-9999,54,V-A,237,161,102,0.929412000000000,0.631373000000000,0.400000000000000
1229,1667,2847.000000000000000,13850,39,13850_31_39_40_42,Western Great Plains Wooded Draw and Ravine,Shrubland,91,65,230,32,36,50,14,I-C,168,168,0,0.658824000000000,0.658824000000000,0.000000000000000
1230,1668,164072.000000000000000,13940,39,13940_39_40_41,North-Central Interior Oak Savanna,Hardwood,550,165,5,5,1,3,96,I-A,230,213,138,0.901961000000000,0.835294000000000,0.541176000000000
1231,1669,1965143.000000000000000,14120,39,14120_39_40_41_42_43_50_51,North-Central Interior Sand and Gravel Tallgrass Prairie,Grassland,4,-9999,87,3,96,-9999,4,II-A,214,0,157,0.839216000000000,0.000000000000000,0.615686000000000
1232,1670,34667012.000000000000000,14200,39,14200_39_40_42,Northern Tallgrass Prairie,Grassland,6,-9999,-9999,6,100,-9999,-9999,II-B,184,132,29,0.721569000000000,0.517647000000000,0.113725000000000
1233,1671,2131069.000000000000000,14690,39,14690_31_39_40_43,Eastern Great Plains Floodplain Systems,Riparian,517,77,176,48,9,63,28,III-A,75,170,190,0.294118000000000,0.666667000000000,0.745098000000000
1234,1672,489402.000000000000000,14820,39,14820_39_40,Great Plains Prairie Pothole,Grassland,50,-9999,-9999,50,100,-9999,-9999,IV-A,156,100,163,0.611765000000000,0.392157000000000,0.639216000000000
1402,1840,8909540.000000000000000,13030,60,13030_60,Northeastern Interior Dry-Mesic Oak Forest,Hardwood,7,17,15,4,53,22,25,I-A,215,185,100,0.843137000000000,0.725490000000000,0.392157000000000
1403,1841,1946.000000000000000,13160,60,13160_60,Southern Piedmont Mesic Forest,Hardwood,499,355,52,41,8,12,80,III-A,99,199,125,0.388235000000000,0.780392000000000,0.490196000000000
1404,1842,327022.000000000000000,13240,60,13240_60_65_66,Northern Atlantic Coastal Plain Hardwood Forest,Hardwood,48,44,4,4,8,8,84,I-A,161,112,90,0.631373000000000,0.439216000000000,0.352941000000000
1406,1844,271238.000000000000000,13430,60,13430_58_60,Atlantic Coastal Plain Mesic Hardwood Forest,Hardwood,479,382,43,36,8,9,83,III-A,168,112,0,0.658824000000000,0.439216000000000,0.000000000000000
1408,1846,2141.000000000000000,13520,60,13520_53_54_57_59_60_61,Southern Appalachian Montane Pine Forest and Woodland,Conifer,88,101,5,5,6,5,89,I-A,117,71,197,0.458824000000000,0.278431000000000,0.772549000000000
1410,1848,53313.000000000000000,13550,60,13550_60_65,Northern Atlantic Coastal Plain Pitch Pine Barrens,Conifer,77,31,12,8,10,25,65,I-B,255,165,82,1.000000000000000,0.647059000000000,0.321569000000000
1412,1850,16265.000000000000000,13680,60,13680_46_48_54_57_59_60_61,Southern Piedmont Dry Oak(-Pine) Forest,Hardwood-Conifer,325,235,5,5,2,2,96,I-A,211,186,255,0.827451000000000,0.729412000000000,1.000000000000000
1413,1851,3267370.000000000000000,13690,60,13690_60_61_63_64_65_66,Central Appalachian Dry Oak-Pine Forest,Hardwood-Conifer,182,463,15,14,8,3,89,I-B,0,255,220,0.000000000000000,1.000000000000000,0.862745000000000
1414,1852,1003325.000000000000000,13700,60,13700_60_63_64_65_66,Appalachian (Hemlock-)Northern Hardwood Forest,Hardwood,1010,1122,-9999,531,53,47,-9999,V-B,214,255,145,0.839216000000000,1.000000000000000,0.568627000000000
1415,1853,4.000000000000000,13750,60,13750_60,Eastern Serpentine Woodland,Hardwood-Conifer,87,56,5,5,6,8,86,I-A,229,94,99,0.898039000000000,0.368627000000000,0.388235000000000
1416,1854,73395.000000000000000,13770,60,13770_60_61_63_64_65_66,Central Appalachian Pine-Oak Rocky Woodland,Hardwood-Conifer,412,384,4645,190,46,50,4,III-B,255,0,77,1.000000000000000,0.000000000000000,0.301961000000000
1417,1855,33447.000000000000000,13790,60,13790_60_65,Northern Atlantic Coastal Plain Maritime Forest,Hardwood-Conifer,74,160,9,7,10,5,85,I-B,237,0,179,0.929412000000000,0.000000000000000,0.701961000000000
1418,1856,41262.000000000000000,14000,60,14000_60_61,Central Appalachian Alkaline Glade and Woodland,Savanna,5,19,1583,4,78,21,1,II-A,255,153,229,1.000000000000000,0.600000000000000,0.898039000000000
1419,1857,3769.000000000000000,14360,60,14360_60,Northern Atlantic Coastal Plain Dune and Swale,Grassland,8,14,-9999,5,63,37,-9999,I-A,100,31,87,0.392157000000000,0.121569000000000,0.341176000000000
1423,1861,154958.000000000000000,14710,60,14710_47_48_53_54_57_59_60_61_63,Central Interior and Appalachian Floodplain Systems,Riparian,613,392,121,80,13,21,66,III-A,0,191,176,0.000000000000000,0.749020000000000,0.690196000000000
1424,1862,10011.000000000000000,14720,60,14720_53_54_57_59_60,Central Interior and Appalachian Riparian Systems,Riparian,997,-9999,202,168,17,-9999,83,III-B,36,255,20,0.141176000000000,1.000000000000000,0.078431000000000
1425,1863,62276.000000000000000,14730,60,14730_55_58_60,Gulf and Atlantic Coastal Plain Floodplain Systems,Riparian,114,-9999,101,54,47,-9999,53,III-A,102,119,205,0.400000000000000,0.466667000000000,0.803922000000000
1426,1864,18199.000000000000000,14740,60,14740_46_47_48_55_56_58_60_99,Gulf and Atlantic Coastal Plain Small Stream Riparian Systems,Riparian,477,202,131,68,14,34,52,III-A,171,185,235,0.670588000000000,0.725490000000000,0.921569000000000
1427,1865,42467.000000000000000,14790,60,14790_60_61_63_64_65_66,Central Interior and Appalachian Swamp Systems,Riparian,1011,-9999,1353,578,57,-9999,43,V-B,207,61,255,0.811765000000000,0.239216000000000,1.000000000000000
1428,1866,24978.000000000000000,14800,60,14800_46_56_58_60_64_65_66,Gulf and Atlantic Coastal Plain Swamp Systems,Riparian,-9999,-9999,221,221,-9999,-9999,100,V-A,102,212,179,0.400000000000000,0.831373000000000,0.701961000000000
1429,1867,18958.000000000000000,14900,60,14900_60,Gulf and Atlantic Coastal Plain Tidal Marsh Systems,Riparian,5,294,-9999,5,98,2,-9999,II-A,255,235,0,1.000000000000000,0.921569000000000,0.000000000000000
1430,1868,1706.000000000000000,14980,60,14980,Gulf and Atlantic Coastal Plain Sparsely Vegetated Systems,Sparse,-9999,-9999,-9999,-9999,-9999,-9999,-9999,-9999,171,97,56,0.670588000000000,0.380392000000000,0.219608000000000
1432,1870,33828222.000000000000000,13030,61,13030_61_63_64_65_66,Northeastern Interior Dry-Mesic Oak Forest,Hardwood,39,24,9,6,14,23,63,I-B,215,185,100,0.843137000000000,0.725490000000000,0.392157000000000
1433,1871,2.000000000000000,13150,61,13150_48_53_57_59_61,Southern Appalachian Oak Forest,Hardwood,604,138,16,14,2,10,88,I-B,181,227,194,0.709804000000000,0.890196000000000,0.760784000000000
1435,1873,1121933.000000000000000,13170,61,13170_57_61,Allegheny-Cumberland Dry Oak Forest and Woodland,Hardwood,123,59,15,11,9,18,73,I-B,186,184,148,0.729412000000000,0.721569000000000,0.580392000000000
1436,1874,212253.000000000000000,13180,61,13180_57_59_61,Southern and Central Appalachian Cove Forest,Hardwood,994,498,100,77,8,15,77,III-A,138,177,255,0.541176000000000,0.694118000000000,1.000000000000000
1437,1875,70511.000000000000000,13200,61,13200_48_57_61,Central and Southern Appalachian Montane Oak Forest,Hardwood,147,95,33,21,14,22,64,I-C,180,130,180,0.705882000000000,0.509804000000000,0.705882000000000
1438,1876,4011452.000000000000000,13210,61,13210_61_63,South-Central Interior Mesophytic Forest,Hardwood,847,573,102,78,9,14,77,III-A,71,135,148,0.278431000000000,0.529412000000000,0.580392000000000
1439,1877,999.000000000000000,13400,61,13400_61,Appalachian Shale Barrens,Hardwood,-9999,1025,-9999,1025,-9999,100,-9999,V-B,156,156,156,0.611765000000000,0.611765000000000,0.611765000000000
1440,1878,761.000000000000000,13500,61,13500_61,Central and Southern Appalachian Spruce-Fir Forest,Conifer,834,12028,-9999,780,93,7,-9999,V-B,144,43,181,0.564706000000000,0.168627000000000,0.709804000000000
1441,1879,9545.000000000000000,13520,61,13520_53_54_57_59_60_61,Southern Appalachian Montane Pine Forest and Woodland,Conifer,88,101,5,5,6,5,89,I-A,117,71,197,0.458824000000000,0.278431000000000,0.772549000000000
1444,1882,2812718.000000000000000,13690,61,13690_60_61_63_64_65_66,Central Appalachian Dry Oak-Pine Forest,Hardwood-Conifer,182,463,15,14,8,3,89,I-B,0,255,220,0.000000000000000,1.000000000000000,0.862745000000000
1445,1883,4331579.000000000000000,13700,61,13700_53_61_62,Appalachian (Hemlock-)Northern Hardwood Forest,Hardwood,1036,1083,-9999,529,51,49,-9999,V-B,214,255,145,0.839216000000000,1.000000000000000,0.568627000000000
1446,1884,140.000000000000000,13760,61,13760_48_53_57_61,Southern Ridge and Valley/Cumberland Dry Calcareous Forest,Hardwood,187,109,8,7,4,6,90,I-B,222,153,122,0.870588000000000,0.600000000000000,0.478431000000000
1447,1885,14507.000000000000000,13770,61,13770_60_61_63_64_65_66,Central Appalachian Pine-Oak Rocky Woodland,Hardwood-Conifer,412,384,4645,190,46,50,4,III-B,255,0,77,1.000000000000000,0.000000000000000,0.301961000000000
1448,1886,186341.000000000000000,14000,61,14000_60_61,Central Appalachian Alkaline Glade and Woodland,Savanna,5,19,1583,4,78,21,1,II-A,255,153,229,1.000000000000000,0.600000000000000,0.898039000000000
1449,1887,1287485.000000000000000,14710,61,14710_47_48_53_54_57_59_60_61_63,Central Interior and Appalachian Floodplain Systems,Riparian,613,392,121,80,13,21,66,III-A,0,191,176,0.000000000000000,0.749020000000000,0.690196000000000
1450,1888,4276179.000000000000000,14720,61,14720_61_62_63,Central Interior and Appalachian Riparian Systems,Riparian,1001,-9999,200,166,17,-9999,83,III-B,36,255,20,0.141176000000000,1.000000000000000,0.078431000000000
1451,1889,89772.000000000000000,14790,61,14790_60_61_63_64_65_66,Central Interior and Appalachian Swamp Systems,Riparian,1011,-9999,1353,578,57,-9999,43,V-B,207,61,255,0.811765000000000,0.239216000000000,1.000000000000000
1452,1890,33863657.000000000000000,13020,63,13020_63,Laurentian-Acadian Northern Hardwoods Forest,Hardwood,2021,-9999,-9999,2021,100,-9999,-9999,V-B,76,230,0,0.298039000000000,0.901961000000000,0.000000000000000
1453,1891,614906.000000000000000,13030,63,13030_61_63_64_65_66,Northeastern Interior Dry-Mesic Oak Forest,Hardwood,39,24,9,6,14,23,63,I-B,215,185,100,0.843137000000000,0.725490000000000,0.392157000000000
1454,1892,13771.000000000000000,13210,63,13210_61_63,South-Central Interior Mesophytic Forest,Hardwood,847,573,102,78,9,14,77,III-A,71,135,148,0.278431000000000,0.529412000000000,0.580392000000000
1455,1893,173208.000000000000000,13620,63,13620_51_63_64_65_66,Laurentian-Acadian Northern Pine(-Oak) Forest,Hardwood-Conifer,309,447,65,48,16,11,73,III-A,255,191,191,1.000000000000000,0.749020000000000,0.749020000000000
1456,1894,2048091.000000000000000,13660,63,13660_51_63_64_65_66,Laurentian-Acadian Pine-Hemlock-Hardwood Forest,Hardwood-Conifer,482,998,289,153,32,15,53,III-B,208,255,99,0.815686000000000,1.000000000000000,0.388235000000000
1457,1895,9865029.000000000000000,13690,63,13690_60_61_63_64_65_66,Central Appalachian Dry Oak-Pine Forest,Hardwood-Conifer,182,463,15,14,8,3,89,I-B,0,255,220,0.000000000000000,1.000000000000000,0.862745000000000
1458,1896,22303522.000000000000000,13700,63,13700_60_63_64_65_66,Appalachian (Hemlock-)Northern Hardwood Forest,Hardwood,1010,1122,-9999,531,53,47,-9999,V-B,214,255,145,0.839216000000000,1.000000000000000,0.568627000000000
1459,1897,26643.000000000000000,13730,63,13730_63_64,Acadian Low-Elevation Spruce-Fir-Hardwood Forest,Hardwood-Conifer,1053,-9999,-9999,1053,100,-9999,-9999,V-B,130,160,100,0.509804000000000,0.627451000000000,0.392157000000000
1460,1898,61340.000000000000000,13770,63,13770_60_61_63_64_65_66,Central Appalachian Pine-Oak Rocky Woodland,Hardwood-Conifer,412,384,4645,190,46,50,4,III-B,255,0,77,1.000000000000000,0.000000000000000,0.301961000000000
1461,1899,17962.000000000000000,14000,63,14000_63,Central Appalachian Alkaline Glade and Woodland,Savanna,5,19,1421,4,78,21,1,II-A,255,153,229,1.000000000000000,0.600000000000000,0.898039000000000
1462,1900,1171872.000000000000000,14710,63,14710_47_48_53_54_57_59_60_61_63,Central Interior and Appalachian Floodplain Systems,Riparian,613,392,121,80,13,21,66,III-A,0,191,176,0.000000000000000,0.749020000000000,0.690196000000000
1463,1901,4771716.000000000000000,14720,63,14720_61_62_63,Central Interior and Appalachian Riparian Systems,Riparian,1001,-9999,200,166,17,-9999,83,III-B,36,255,20,0.141176000000000,1.000000000000000,0.078431000000000
1464,1902,2191847.000000000000000,14750,63,14750_41_50_51_63_64_65_66,Laurentian-Acadian Floodplain Systems,Riparian,-9999,435,68,59,-9999,14,86,III-A,122,143,245,0.478431000000000,0.560784000000000,0.960784000000000
1465,1903,63562.000000000000000,14770,63,14770_63_64_65_66,Boreal Acidic Peatland Systems,Riparian,935,-9999,170,144,15,-9999,85,III-B,106,0,138,0.415686000000000,0.000000000000000,0.541176000000000
1466,1904,6134997.000000000000000,14790,63,14790_60_61_63_64_65_66,Central Interior and Appalachian Swamp Systems,Riparian,1011,-9999,1353,578,57,-9999,43,V-B,207,61,255,0.811765000000000,0.239216000000000,1.000000000000000
1467,1905,191630.000000000000000,14810,63,14810_41_50_51_63,Laurentian-Acadian Alkaline Conifer-Hardwood Swamp,Riparian,989,-9999,-9999,989,100,-9999,-9999,V-B,232,189,255,0.909804000000000,0.741176000000000,1.000000000000000
1468,1906,383858.000000000000000,14920,63,14920_41_50_51_52_63,Great Lakes Coastal Marsh Systems,Riparian,-9999,-9999,-9999,-9999,-9999,-9999,-9999,-9999,122,245,202,0.478431000000000,0.960784000000000,0.792157000000000
1469,1907,262326.000000000000000,14940,63,14940_63_65_66,Laurentian-Acadian Shrub-Herbaceous Wetland Systems,Riparian,792,-9999,-9999,792,100,-9999,-9999,V-B,0,168,107,0.000000000000000,0.658824000000000,0.419608000000000
1470,1908,437469.000000000000000,15180,63,15180_43_47_49_52_62_63_64_65,North-Central Interior Wet Flatwoods,Hardwood,993,-9999,-9999,993,100,-9999,-9999,V-B,211,237,38,0.827451000000000,0.929412000000000,0.149020000000000
1471,1909,33287831.000000000000000,13030,62,13030_62,Northeastern Interior Dry-Mesic Oak Forest,Hardwood,39,52,8,6,15,11,74,I-B,215,185,100,0.843137000000000,0.725490000000000,0.392157000000000
1472,1910,1857781.000000000000000,13100,62,13100_41_62,North-Central Interior Dry-Mesic Oak Forest and Woodland,Hardwood,74,56,23,13,18,24,58,I-B,176,163,222,0.690196000000000,0.639216000000000,0.870588000000000
1473,1911,12541646.000000000000000,13130,62,13130_49_52_62,North-Central Interior Beech-Maple Forest,Hardwood,1026,-9999,852,465,45,-9999,55,V-A,0,156,44,0.000000000000000,0.611765000000000,0.172549000000000
1474,1912,12181784.000000000000000,13170,62,13170_62,Allegheny-Cumberland Dry Oak Forest and Woodland,Hardwood,37,117,11,8,21,7,72,I-B,186,184,148,0.729412000000000,0.721569000000000,0.580392000000000
1475,1913,5519577.000000000000000,13210,62,13210_62,South-Central Interior Mesophytic Forest,Hardwood,960,798,341,191,20,24,56,III-B,71,135,148,0.278431000000000,0.529412000000000,0.580392000000000
1476,1914,250961.000000000000000,13700,62,13700_53_61_62,Appalachian (Hemlock-)Northern Hardwood Forest,Hardwood,1036,1083,-9999,529,51,49,-9999,V-B,214,255,145,0.839216000000000,1.000000000000000,0.568627000000000
1477,1915,4364162.000000000000000,14710,62,14710_51_62,Central Interior and Appalachian Floodplain Systems,Riparian,-9999,429,67,58,-9999,14,86,III-A,0,191,176,0.000000000000000,0.749020000000000,0.690196000000000
1478,1916,4043387.000000000000000,14720,62,14720_61_62_63,Central Interior and Appalachian Riparian Systems,Riparian,1001,-9999,200,166,17,-9999,83,III-B,36,255,20,0.141176000000000,1.000000000000000,0.078431000000000
1479,1917,144567.000000000000000,14790,62,14790_52_62,Central Interior and Appalachian Swamp Systems,Riparian,989,-9999,-9999,989,100,-9999,-9999,V-B,207,61,255,0.811765000000000,0.239216000000000,1.000000000000000
1480,1918,70731.000000000000000,14930,62,14930_52_62,Central Interior and Appalachian Shrub-Herbaceous Wetland Systems,Riparian,17,-9999,-9999,17,100,-9999,-9999,II-C,240,150,20,0.941176000000000,0.588235000000000,0.078431000000000
1481,1919,890746.000000000000000,15180,62,15180_43_47_49_52_62_63_64_65,North-Central Interior Wet Flatwoods,Hardwood,993,-9999,-9999,993,100,-9999,-9999,V-B,211,237,38,0.827451000000000,0.929412000000000,0.149020000000000
1482,1920,883643.000000000000000,13020,65,13020_65_66,Laurentian-Acadian Northern Hardwoods Forest,Hardwood,983,-9999,-9999,983,100,-9999,-9999,V-B,76,230,0,0.298039000000000,0.901961000000000,0.000000000000000
1483,1921,642906.000000000000000,13030,65,13030_61_63_64_65_66,Northeastern Interior Dry-Mesic Oak Forest,Hardwood,39,24,9,6,14,23,63,I-B,215,185,100,0.843137000000000,0.725490000000000,0.392157000000000
1484,1922,2619055.000000000000000,13240,65,13240_60_65_66,Northern Atlantic Coastal Plain Hardwood Forest,Hardwood,48,44,4,4,8,8,84,I-A,161,112,90,0.631373000000000,0.439216000000000,0.352941000000000
1485,1923,208163.000000000000000,13550,65,13550_60_65,Northern Atlantic Coastal Plain Pitch Pine Barrens,Conifer,77,31,12,8,10,25,65,I-B,255,165,82,1.000000000000000,0.647059000000000,0.321569000000000
1486,1924,117314.000000000000000,13620,65,13620_51_63_64_65_66,Laurentian-Acadian Northern Pine(-Oak) Forest,Hardwood-Conifer,309,447,65,48,16,11,73,III-A,255,191,191,1.000000000000000,0.749020000000000,0.749020000000000
1487,1925,583992.000000000000000,13660,65,13660_51_63_64_65_66,Laurentian-Acadian Pine-Hemlock-Hardwood Forest,Hardwood-Conifer,482,998,289,153,32,15,53,III-B,208,255,99,0.815686000000000,1.000000000000000,0.388235000000000
1488,1926,4581381.000000000000000,13690,65,13690_60_61_63_64_65_66,Central Appalachian Dry Oak-Pine Forest,Hardwood-Conifer,182,463,15,14,8,3,89,I-B,0,255,220,0.000000000000000,1.000000000000000,0.862745000000000
1489,1927,1853548.000000000000000,13700,65,13700_60_63_64_65_66,Appalachian (Hemlock-)Northern Hardwood Forest,Hardwood,1010,1122,-9999,531,53,47,-9999,V-B,214,255,145,0.839216000000000,1.000000000000000,0.568627000000000
1490,1928,7994.000000000000000,13730,65,13730_65_66,Acadian Low-Elevation Spruce-Fir-Hardwood Forest,Hardwood-Conifer,1127,-9999,-9999,1127,100,-9999,-9999,V-B,130,160,100,0.509804000000000,0.627451000000000,0.392157000000000
1491,1929,18607.000000000000000,13740,65,13740_64_65_66,Acadian-Appalachian Montane Spruce-Fir Forest,Hardwood-Conifer,580,-9999,-9999,580,100,-9999,-9999,V-B,144,107,181,0.564706000000000,0.419608000000000,0.709804000000000
1492,1930,421616.000000000000000,13770,65,13770_60_61_63_64_65_66,Central Appalachian Pine-Oak Rocky Woodland,Hardwood-Conifer,412,384,4645,190,46,50,4,III-B,255,0,77,1.000000000000000,0.000000000000000,0.301961000000000
1493,1931,10334.000000000000000,13790,65,13790_60_65,Northern Atlantic Coastal Plain Maritime Forest,Hardwood-Conifer,74,160,9,7,10,5,85,I-B,237,0,179,0.929412000000000,0.000000000000000,0.701961000000000
1494,1932,91561.000000000000000,14360,65,14360_65_66,Northern Atlantic Coastal Plain Dune and Swale,Grassland,10,17,-9999,6,62,38,-9999,I-B,100,31,87,0.392157000000000,0.121569000000000,0.341176000000000
1495,1933,105621.000000000000000,14710,65,14710_64_65,Central Interior and Appalachian Floodplain Systems,Riparian,603,392,120,80,14,20,66,III-A,0,191,176,0.000000000000000,0.749020000000000,0.690196000000000
1496,1934,48763.000000000000000,14720,65,14720_64_65_66,Central Interior and Appalachian Riparian Systems,Riparian,984,-9999,198,165,17,-9999,83,III-B,36,255,20,0.141176000000000,1.000000000000000,0.078431000000000
1497,1935,32900.000000000000000,14750,65,14750_41_50_51_63_64_65_66,Laurentian-Acadian Floodplain Systems,Riparian,-9999,435,68,59,-9999,14,86,III-A,122,143,245,0.478431000000000,0.560784000000000,0.960784000000000
1498,1936,12779.000000000000000,14770,65,14770_63_64_65_66,Boreal Acidic Peatland Systems,Riparian,935,-9999,170,144,15,-9999,85,III-B,106,0,138,0.415686000000000,0.000000000000000,0.541176000000000
1499,1937,937974.000000000000000,14790,65,14790_60_61_63_64_65_66,Central Interior and Appalachian Swamp Systems,Riparian,1011,-9999,1353,578,57,-9999,43,V-B,207,61,255,0.811765000000000,0.239216000000000,1.000000000000000
1500,1938,207445.000000000000000,14800,65,14800_46_56_58_60_64_65_66,Gulf and Atlantic Coastal Plain Swamp Systems,Riparian,-9999,-9999,221,221,-9999,-9999,100,V-A,102,212,179,0.400000000000000,0.831373000000000,0.701961000000000
1501,1939,162701.000000000000000,14900,65,14900_65_66,Gulf and Atlantic Coastal Plain Tidal Marsh Systems,Riparian,508,-9999,-9999,508,100,-9999,-9999,V-B,255,235,0,1.000000000000000,0.921569000000000,0.000000000000000
1502,1940,248521.000000000000000,14940,65,14940_63_65_66,Laurentian-Acadian Shrub-Herbaceous Wetland Systems,Riparian,792,-9999,-9999,792,100,-9999,-9999,V-B,0,168,107,0.000000000000000,0.658824000000000,0.419608000000000
1503,1941,415329.000000000000000,15180,65,15180_43_47_49_52_62_63_64_65,North-Central Interior Wet Flatwoods,Hardwood,993,-9999,-9999,993,100,-9999,-9999,V-B,211,237,38,0.827451000000000,0.929412000000000,0.149020000000000
1504,1942,163668.000000000000000,15260,65,15260_64_65_66,Laurentian-Acadian Swamp Systems,Riparian,1011,-9999,-9999,1011,100,-9999,-9999,V-B,232,160,255,0.909804000000000,0.627451000000000,1.000000000000000
1505,1943,25433196.000000000000000,13020,64,13020_64,Laurentian-Acadian Northern Hardwoods Forest,Hardwood,2108,-9999,-9999,2108,100,-9999,-9999,V-B,76,230,0,0.298039000000000,0.901961000000000,0.000000000000000
1506,1944,1315554.000000000000000,13030,64,13030_61_63_64_65_66,Northeastern Interior Dry-Mesic Oak Forest,Hardwood,39,24,9,6,14,23,63,I-B,215,185,100,0.843137000000000,0.725490000000000,0.392157000000000
1507,1945,372040.000000000000000,13540,64,13540_64_66,Northeastern Interior Pine Barrens,Conifer,77,31,12,8,10,24,66,I-B,255,196,82,1.000000000000000,0.768627000000000,0.321569000000000
1508,1946,3743748.000000000000000,13620,64,13620_51_63_64_65_66,Laurentian-Acadian Northern Pine(-Oak) Forest,Hardwood-Conifer,309,447,65,48,16,11,73,III-A,255,191,191,1.000000000000000,0.749020000000000,0.749020000000000
1509,1947,16207712.000000000000000,13660,64,13660_51_63_64_65_66,Laurentian-Acadian Pine-Hemlock-Hardwood Forest,Hardwood-Conifer,482,998,289,153,32,15,53,III-B,208,255,99,0.815686000000000,1.000000000000000,0.388235000000000
1510,1948,7320635.000000000000000,13690,64,13690_60_61_63_64_65_66,Central Appalachian Dry Oak-Pine Forest,Hardwood-Conifer,182,463,15,14,8,3,89,I-B,0,255,220,0.000000000000000,1.000000000000000,0.862745000000000
1511,1949,4503306.000000000000000,13700,64,13700_60_63_64_65_66,Appalachian (Hemlock-)Northern Hardwood Forest,Hardwood,1010,1122,-9999,531,53,47,-9999,V-B,214,255,145,0.839216000000000,1.000000000000000,0.568627000000000
1512,1950,798535.000000000000000,13730,64,13730_63_64,Acadian Low-Elevation Spruce-Fir-Hardwood Forest,Hardwood-Conifer,1053,-9999,-9999,1053,100,-9999,-9999,V-B,130,160,100,0.509804000000000,0.627451000000000,0.392157000000000
1513,1951,5615791.000000000000000,13740,64,13740_64_65_66,Acadian-Appalachian Montane Spruce-Fir Forest,Hardwood-Conifer,580,-9999,-9999,580,100,-9999,-9999,V-B,144,107,181,0.564706000000000,0.419608000000000,0.709804000000000
1514,1952,813099.000000000000000,13770,64,13770_60_61_63_64_65_66,Central Appalachian Pine-Oak Rocky Woodland,Hardwood-Conifer,412,384,4645,190,46,50,4,III-B,255,0,77,1.000000000000000,0.000000000000000,0.301961000000000
1515,1953,276217.000000000000000,13890,64,13890_64_66,Acadian-Appalachian Subalpine Woodland and Heath-Krummholz,Shrubland,3351,1795,4331,916,27,51,22,V-B,150,255,231,0.588235000000000,1.000000000000000,0.905882000000000
1516,1954,1129.000000000000000,14000,64,14000_64,Central Appalachian Alkaline Glade and Woodland,Savanna,5,19,1604,4,78,21,1,II-A,255,153,229,1.000000000000000,0.600000000000000,0.898039000000000
1517,1955,13517.000000000000000,14090,64,14090_50_64,Great Lakes Alvar,Conifer,439,3247,-9999,387,88,12,-9999,V-A,227,235,117,0.890196000000000,0.921569000000000,0.458824000000000
1518,1956,2157939.000000000000000,14710,64,14710_64_65,Central Interior and Appalachian Floodplain Systems,Riparian,603,392,120,80,14,20,66,III-A,0,191,176,0.000000000000000,0.749020000000000,0.690196000000000
1519,1957,4814220.000000000000000,14720,64,14720_64_65_66,Central Interior and Appalachian Riparian Systems,Riparian,984,-9999,198,165,17,-9999,83,III-B,36,255,20,0.141176000000000,1.000000000000000,0.078431000000000
1520,1958,4306897.000000000000000,14750,64,14750_41_50_51_63_64_65_66,Laurentian-Acadian Floodplain Systems,Riparian,-9999,435,68,59,-9999,14,86,III-A,122,143,245,0.478431000000000,0.560784000000000,0.960784000000000
1521,1959,270732.000000000000000,14770,64,14770_63_64_65_66,Boreal Acidic Peatland Systems,Riparian,935,-9999,170,144,15,-9999,85,III-B,106,0,138,0.415686000000000,0.000000000000000,0.541176000000000
1522,1960,448215.000000000000000,14790,64,14790_60_61_63_64_65_66,Central Interior and Appalachian Swamp Systems,Riparian,1011,-9999,1353,578,57,-9999,43,V-B,207,61,255,0.811765000000000,0.239216000000000,1.000000000000000
1523,1961,5384.000000000000000,14800,64,14800_46_56_58_60_64_65_66,Gulf and Atlantic Coastal Plain Swamp Systems,Riparian,-9999,-9999,221,221,-9999,-9999,100,V-A,102,212,179,0.400000000000000,0.831373000000000,0.701961000000000
1524,1962,29568.000000000000000,14940,64,14940_64,Laurentian-Acadian Shrub-Herbaceous Wetland Systems,Riparian,794,-9999,-9999,794,100,-9999,-9999,V-B,0,168,107,0.000000000000000,0.658824000000000,0.419608000000000
1525,1963,1375507.000000000000000,15180,64,15180_43_47_49_52_62_63_64_65,North-Central Interior Wet Flatwoods,Hardwood,993,-9999,-9999,993,100,-9999,-9999,V-B,211,237,38,0.827451000000000,0.929412000000000,0.149020000000000
1526,1964,493044.000000000000000,15260,64,15260_64_65_66,Laurentian-Acadian Swamp Systems,Riparian,1011,-9999,-9999,1011,100,-9999,-9999,V-B,232,160,255,0.909804000000000,0.627451000000000,1.000000000000000
1527,1965,24585856.000000000000000,13100,52,13100_52,North-Central Interior Dry-Mesic Oak Forest and Woodland,Hardwood,75,47,23,13,17,27,56,I-B,176,163,222,0.690196000000000,0.639216000000000,0.870588000000000
1528,1966,5892032.000000000000000,13110,52,13110_52,North-Central Interior Dry Oak Forest and Woodland,Hardwood,149,151,11,9,6,6,88,I-B,179,207,143,0.701961000000000,0.811765000000000,0.560784000000000
1529,1967,44775672.000000000000000,13130,52,13130_49_52_62,North-Central Interior Beech-Maple Forest,Hardwood,1026,-9999,852,465,45,-9999,55,V-A,0,156,44,0.000000000000000,0.611765000000000,0.172549000000000
1530,1968,1862368.000000000000000,13940,52,13940_52,North-Central Interior Oak Savanna,Hardwood,552,187,5,5,1,3,96,I-A,230,213,138,0.901961000000000,0.835294000000000,0.541176000000000
1531,1969,1626423.000000000000000,13950,52,13950_41_42_43_49_52,North-Central Oak Barrens,Hardwood,341,246,5,5,1,2,97,I-A,255,235,176,1.000000000000000,0.921569000000000,0.690196000000000
1532,1970,380069.000000000000000,14110,52,14110_49_51_52,Great Lakes Wet-Mesic Lakeplain Prairie,Riparian,24,-9999,-9999,24,100,-9999,-9999,II-C,235,255,0,0.921569000000000,1.000000000000000,0.000000000000000
1533,1971,232622.000000000000000,14120,52,14120_52,North-Central Interior Sand and Gravel Tallgrass Prairie,Grassland,4,-9999,89,3,96,-9999,4,II-A,214,0,157,0.839216000000000,0.000000000000000,0.615686000000000
1534,1972,1599930.000000000000000,14210,52,14210_49_52,Central Tallgrass Prairie,Grassland,4,-9999,-9999,4,100,-9999,-9999,II-A,232,255,196,0.909804000000000,1.000000000000000,0.768627000000000
1535,1973,4057970.000000000000000,14710,52,14710_49_52,Central Interior and Appalachian Floodplain Systems,Riparian,-9999,426,68,59,-9999,14,86,III-A,0,191,176,0.000000000000000,0.749020000000000,0.690196000000000
1536,1974,4933539.000000000000000,14790,52,14790_52_62,Central Interior and Appalachian Swamp Systems,Riparian,989,-9999,-9999,989,100,-9999,-9999,V-B,207,61,255,0.811765000000000,0.239216000000000,1.000000000000000
1537,1975,320701.000000000000000,14920,52,14920_41_50_51_52_63,Great Lakes Coastal Marsh Systems,Riparian,-9999,-9999,-9999,-9999,-9999,-9999,-9999,-9999,122,245,202,0.478431000000000,0.960784000000000,0.792157000000000
1538,1976,773374.000000000000000,14930,52,14930_52_62,Central Interior and Appalachian Shrub-Herbaceous Wetland Systems,Riparian,17,-9999,-9999,17,100,-9999,-9999,II-C,240,150,20,0.941176000000000,0.588235000000000,0.078431000000000
1539,1977,1396512.000000000000000,15180,52,15180_43_47_49_52_62_63_64_65,North-Central Interior Wet Flatwoods,Hardwood,993,-9999,-9999,993,100,-9999,-9999,V-B,211,237,38,0.827451000000000,0.929412000000000,0.149020000000000
1540,1978,5810.000000000000000,13020,66,13020_65_66,Laurentian-Acadian Northern Hardwoods Forest,Hardwood,983,-9999,-9999,983,100,-9999,-9999,V-B,76,230,0,0.298039000000000,0.901961000000000,0.000000000000000
1543,1981,36.000000000000000,13540,66,13540_64_66,Northeastern Interior Pine Barrens,Conifer,77,31,12,8,10,24,66,I-B,255,196,82,1.000000000000000,0.768627000000000,0.321569000000000
1544,1982,677.000000000000000,13620,66,13620_51_63_64_65_66,Laurentian-Acadian Northern Pine(-Oak) Forest,Hardwood-Conifer,309,447,65,48,16,11,73,III-A,255,191,191,1.000000000000000,0.749020000000000,0.749020000000000
1545,1983,235.000000000000000,13660,66,13660_51_63_64_65_66,Laurentian-Acadian Pine-Hemlock-Hardwood Forest,Hardwood-Conifer,482,998,289,153,32,15,53,III-B,208,255,99,0.815686000000000,1.000000000000000,0.388235000000000
1546,1984,31.000000000000000,13690,66,13690_60_61_63_64_65_66,Central Appalachian Dry Oak-Pine Forest,Hardwood-Conifer,182,463,15,14,8,3,89,I-B,0,255,220,0.000000000000000,1.000000000000000,0.862745000000000
1548,1986,2500.000000000000000,13730,66,13730_65_66,Acadian Low-Elevation Spruce-Fir-Hardwood Forest,Hardwood-Conifer,1127,-9999,-9999,1127,100,-9999,-9999,V-B,130,160,100,0.509804000000000,0.627451000000000,0.392157000000000
1549,1987,1.000000000000000,13740,66,13740_64_65_66,Acadian-Appalachian Montane Spruce-Fir Forest,Hardwood-Conifer,580,-9999,-9999,580,100,-9999,-9999,V-B,144,107,181,0.564706000000000,0.419608000000000,0.709804000000000
1550,1988,71.000000000000000,13770,66,13770_60_61_63_64_65_66,Central Appalachian Pine-Oak Rocky Woodland,Hardwood-Conifer,412,384,4645,190,46,50,4,III-B,255,0,77,1.000000000000000,0.000000000000000,0.301961000000000
1555,1993,359.000000000000000,14750,66,14750_41_50_51_63_64_65_66,Laurentian-Acadian Floodplain Systems,Riparian,-9999,435,68,59,-9999,14,86,III-A,122,143,245,0.478431000000000,0.560784000000000,0.960784000000000
1557,1995,1053.000000000000000,14790,66,14790_60_61_63_64_65_66,Central Interior and Appalachian Swamp Systems,Riparian,1011,-9999,1353,578,57,-9999,43,V-B,207,61,255,0.811765000000000,0.239216000000000,1.000000000000000
1560,1998,468.000000000000000,14940,66,14940_63_65_66,Laurentian-Acadian Shrub-Herbaceous Wetland Systems,Riparian,792,-9999,-9999,792,100,-9999,-9999,V-B,0,168,107,0.000000000000000,0.658824000000000,0.419608000000000
1561,1999,8267.000000000000000,15260,66,15260_64_65_66,Laurentian-Acadian Swamp Systems,Riparian,1011,-9999,-9999,1011,100,-9999,-9999,V-B,232,160,255,0.909804000000000,0.627451000000000,1.000000000000000
1562,2000,47747.000000000000000,13050,53,13050_53,Southern Interior Low Plateau Dry-Mesic Oak Forest,Hardwood,2,1007,15,2,88,1,11,II-A,184,156,33,0.721569000000000,0.611765000000000,0.129412000000000
1564,2002,60917.000000000000000,13150,53,13150_48_53_57_59_61,Southern Appalachian Oak Forest,Hardwood,604,138,16,14,2,10,88,I-B,181,227,194,0.709804000000000,0.890196000000000,0.760784000000000
1565,2003,2530228.000000000000000,13170,53,13170_48_53,Allegheny-Cumberland Dry Oak Forest and Woodland,Hardwood,91,1199,6,6,6,1,93,I-B,186,184,148,0.729412000000000,0.721569000000000,0.580392000000000
1566,2004,25662.000000000000000,13180,53,13180_48_53,Southern and Central Appalachian Cove Forest,Hardwood,555,727,88,69,12,10,78,III-A,138,177,255,0.541176000000000,0.694118000000000,1.000000000000000
1567,2005,2954088.000000000000000,13210,53,13210_47_48_53_57,South-Central Interior Mesophytic Forest,Hardwood,869,534,86,68,8,13,79,III-A,71,135,148,0.278431000000000,0.529412000000000,0.580392000000000
1569,2007,23.000000000000000,13530,53,13530_46_48_53_54_57_59_60_61,Southern Appalachian Low-Elevation Pine Forest,Conifer,153,66,9,7,5,11,84,I-B,255,200,97,1.000000000000000,0.784314000000000,0.380392000000000
1571,2009,23240.000000000000000,13700,53,13700_53_61_62,Appalachian (Hemlock-)Northern Hardwood Forest,Hardwood,1036,1083,-9999,529,51,49,-9999,V-B,214,255,145,0.839216000000000,1.000000000000000,0.568627000000000
1573,2011,22456.000000000000000,14010,53,14010_43_44_47_48_53,Central Interior Highlands Calcareous Glade and Barrens,Grassland,19,16,5,3,18,21,61,I-A,255,235,20,1.000000000000000,0.921569000000000,0.078431000000000
1574,2012,379677.000000000000000,14710,53,14710_47_48_53_54_57_59_60_61_63,Central Interior and Appalachian Floodplain Systems,Riparian,613,392,121,80,13,21,66,III-A,0,191,176,0.000000000000000,0.749020000000000,0.690196000000000
1575,2013,567598.000000000000000,14720,53,14720_53_54_57_59_60,Central Interior and Appalachian Riparian Systems,Riparian,997,-9999,202,168,17,-9999,83,III-B,36,255,20,0.141176000000000,1.000000000000000,0.078431000000000
1576,2014,25950.000000000000000,14790,53,14790_41_42_47_48_50_51_53,Central Interior and Appalachian Swamp Systems,Riparian,987,-9999,-9999,987,100,-9999,-9999,V-B,207,61,255,0.811765000000000,0.239216000000000,1.000000000000000
1577,2015,441071.000000000000000,13040,49,13040_32_43_44_49,Ozark-Ouachita Dry-Mesic Oak Forest,Hardwood,188,66,15,11,6,17,77,I-B,115,115,0,0.450980000000000,0.450980000000000,0.000000000000000
1578,2016,788348.000000000000000,13050,49,13050_49,Southern Interior Low Plateau Dry-Mesic Oak Forest,Hardwood,61,117,9,7,12,7,81,I-B,184,156,33,0.721569000000000,0.611765000000000,0.129412000000000
1579,2017,54553536.000000000000000,13100,49,13100_49,North-Central Interior Dry-Mesic Oak Forest and Woodland,Hardwood,75,47,23,13,17,27,56,I-B,176,163,222,0.690196000000000,0.639216000000000,0.870588000000000
1580,2018,1496450.000000000000000,13110,49,13110_49,North-Central Interior Dry Oak Forest and Woodland,Hardwood,149,149,11,9,7,6,87,I-B,179,207,143,0.701961000000000,0.811765000000000,0.560784000000000
1581,2019,138939.000000000000000,13130,49,13130_49_52_62,North-Central Interior Beech-Maple Forest,Hardwood,1026,-9999,852,465,45,-9999,55,V-A,0,156,44,0.000000000000000,0.611765000000000,0.172549000000000
1582,2020,6925425.000000000000000,13140,49,13140_49,North-Central Interior Maple-Basswood Forest,Hardwood,1030,-9999,845,464,45,-9999,55,V-A,237,161,102,0.929412000000000,0.631373000000000,0.400000000000000
1583,2021,5202228.000000000000000,13210,49,13210_49,South-Central Interior Mesophytic Forest,Hardwood,708,809,548,223,32,28,40,V-A,71,135,148,0.278431000000000,0.529412000000000,0.580392000000000
1584,2022,3812.000000000000000,13260,49,13260_49,South-Central Interior/Upper Coastal Plain Flatwoods,Hardwood,128,33,17,10,8,31,61,I-B,156,237,38,0.611765000000000,0.929412000000000,0.149020000000000
1585,2023,381996.000000000000000,13640,49,13640_32_44_49,Ozark-Ouachita Dry Oak Woodland,Hardwood,38,89,6,5,13,5,82,I-A,97,69,0,0.380392000000000,0.270588000000000,0.000000000000000
1586,2024,83777.000000000000000,13940,49,13940_44_49,North-Central Interior Oak Savanna,Hardwood,550,189,5,5,1,3,96,I-A,230,213,138,0.901961000000000,0.835294000000000,0.541176000000000
1587,2025,1662.000000000000000,13950,49,13950_41_42_43_49_52,North-Central Oak Barrens,Hardwood,341,246,5,5,1,2,97,I-A,255,235,176,1.000000000000000,0.921569000000000,0.690196000000000
1588,2026,203917.000000000000000,14010,49,14010_49,Central Interior Highlands Calcareous Glade and Barrens,Grassland,19,16,5,3,18,21,61,I-A,255,235,20,1.000000000000000,0.921569000000000,0.078431000000000
1589,2027,3266.000000000000000,14110,49,14110_49_51_52,Great Lakes Wet-Mesic Lakeplain Prairie,Riparian,24,-9999,-9999,24,100,-9999,-9999,II-C,235,255,0,0.921569000000000,1.000000000000000,0.000000000000000
1590,2028,91006.000000000000000,14120,49,14120_49,North-Central Interior Sand and Gravel Tallgrass Prairie,Grassland,4,-9999,87,3,96,-9999,4,II-A,214,0,157,0.839216000000000,0.000000000000000,0.615686000000000
1591,2029,100449121.000000000000000,14210,49,14210_49_52,Central Tallgrass Prairie,Grassland,4,-9999,-9999,4,100,-9999,-9999,II-A,232,255,196,0.909804000000000,1.000000000000000,0.768627000000000
1592,2030,29839.000000000000000,14570,49,14570_49,South-Central Interior/Upper Coastal Plain Wet Flatwoods,Hardwood,93,120,13,11,11,9,80,I-B,186,237,38,0.729412000000000,0.929412000000000,0.149020000000000
1593,2031,465708.000000000000000,14660,49,14660_49,Great Lakes Wooded Dune and Swale,Riparian,2663,533,-9999,444,17,83,-9999,V-A,181,0,0,0.709804000000000,0.000000000000000,0.000000000000000
1594,2032,444315.000000000000000,14690,49,14690_38_42_49,Eastern Great Plains Floodplain Systems,Riparian,510,76,177,48,10,63,27,III-A,75,170,190,0.294118000000000,0.666667000000000,0.745098000000000
1595,2033,977853.000000000000000,14710,49,14710_49_52,Central Interior and Appalachian Floodplain Systems,Riparian,-9999,426,68,59,-9999,14,86,III-A,0,191,176,0.000000000000000,0.749020000000000,0.690196000000000
1596,2034,29635.000000000000000,14720,49,14720_49,Central Interior and Appalachian Riparian Systems,Riparian,996,-9999,198,165,17,-9999,83,III-B,36,255,20,0.141176000000000,1.000000000000000,0.078431000000000
1597,2035,3700.000000000000000,15170,49,15170_42_49_50,Paleozoic Plateau Bluff and Talus,Hardwood-Conifer,15,126,102,12,79,9,12,II-B,106,117,0,0.415686000000000,0.458824000000000,0.000000000000000
1598,2036,529301.000000000000000,15180,49,15180_43_47_49_52_62_63_64_65,North-Central Interior Wet Flatwoods,Hardwood,993,-9999,-9999,993,100,-9999,-9999,V-B,211,237,38,0.827451000000000,0.929412000000000,0.149020000000000
1601,2039,16.000000000000000,13100,43,13100_38_42_43,North-Central Interior Dry-Mesic Oak Forest and Woodland,Hardwood,126,50,76,24,19,49,32,I-C,176,163,222,0.690196000000000,0.639216000000000,0.870588000000000
1603,2041,5.000000000000000,13140,43,13140_38_39_40_41_42_43_44_50,North-Central Interior Maple-Basswood Forest,Hardwood,1027,-9999,857,467,46,-9999,54,V-A,237,161,102,0.929412000000000,0.631373000000000,0.400000000000000
1605,2043,33.000000000000000,13950,43,13950_41_42_43_49_52,North-Central Oak Barrens,Hardwood,341,246,5,5,1,2,97,I-A,255,235,176,1.000000000000000,0.921569000000000,0.690196000000000
1606,2044,1.000000000000000,14010,43,14010_43_44_47_48_53,Central Interior Highlands Calcareous Glade and Barrens,Grassland,19,16,5,3,18,21,61,I-A,255,235,20,1.000000000000000,0.921569000000000,0.078431000000000
1608,2046,176.000000000000000,14210,43,14210_31_38_42_43_44_50_51,Central Tallgrass Prairie,Grassland,4,-9999,-9999,4,100,-9999,-9999,II-A,232,255,196,0.909804000000000,1.000000000000000,0.768627000000000
1610,2048,114.000000000000000,14690,43,14690_31_39_40_43,Eastern Great Plains Floodplain Systems,Riparian,517,77,176,48,9,63,28,III-A,75,170,190,0.294118000000000,0.666667000000000,0.745098000000000
1611,2049,3806.000000000000000,14710,43,14710_42_43,Central Interior and Appalachian Floodplain Systems,Riparian,-9999,-9999,-9999,-9999,-9999,-9999,-9999,-9999,0,191,176,0.000000000000000,0.749020000000000,0.690196000000000
1612,2050,131.000000000000000,14880,43,14880_38_42_43,Eastern Great Plains Wet Meadow-Prairie-Marsh,Grassland,3,-9999,-9999,3,100,-9999,-9999,II-A,148,20,51,0.580392000000000,0.078431000000000,0.200000000000000
1613,2051,11.000000000000000,15180,43,15180_43_47_49_52_62_63_64_65,North-Central Interior Wet Flatwoods,Hardwood,993,-9999,-9999,993,100,-9999,-9999,V-B,211,237,38,0.827451000000000,0.929412000000000,0.149020000000000
1629,2067,8737796.000000000000000,13050,47,13050_47_48,Southern Interior Low Plateau Dry-Mesic Oak Forest,Hardwood,6,199,21,4,77,3,20,II-A,184,156,33,0.721569000000000,0.611765000000000,0.129412000000000
1630,2068,115.000000000000000,13060,47,13060_47_48,East Gulf Coastal Plain Northern Loess Plain Oak-Hickory Upland,Hardwood,386,87,9,8,2,10,88,I-B,217,148,171,0.850980000000000,0.580392000000000,0.670588000000000
1632,2070,1081930.000000000000000,13100,47,13100_47,North-Central Interior Dry-Mesic Oak Forest and Woodland,Hardwood,162,160,11,9,6,6,88,I-B,176,163,222,0.690196000000000,0.639216000000000,0.870588000000000
1633,2071,7398135.000000000000000,13130,47,13130_47_50_51,North-Central Interior Beech-Maple Forest,Hardwood,1004,-9999,836,456,45,-9999,55,V-A,0,156,44,0.000000000000000,0.611765000000000,0.172549000000000
1634,2072,14925111.000000000000000,13210,47,13210_47_48_53_57,South-Central Interior Mesophytic Forest,Hardwood,869,534,86,68,8,13,79,III-A,71,135,148,0.278431000000000,0.529412000000000,0.580392000000000
1636,2074,99615.000000000000000,13260,47,13260_47,South-Central Interior/Upper Coastal Plain Flatwoods,Hardwood,187,182,5,5,3,3,94,I-A,156,237,38,0.611765000000000,0.929412000000000,0.149020000000000
1638,2076,69566.000000000000000,13530,47,13530_47,Southern Appalachian Low-Elevation Pine Forest,Conifer,100,1204,2,2,2,1,97,I-A,255,200,97,1.000000000000000,0.784314000000000,0.380392000000000
1639,2077,11.000000000000000,13570,47,13570_46_47_55_58_99,Southern Coastal Plain Mesic Slope Forest,Hardwood,402,159,52,35,9,22,69,I-C,191,151,71,0.749020000000000,0.592157000000000,0.278431000000000
1640,2078,636103.000000000000000,13630,47,13630_47_53,Central Interior Highlands Dry Acidic Glade and Barrens,Hardwood,29,16,7,4,15,27,58,I-A,229,38,0,0.898039000000000,0.149020000000000,0.000000000000000
1641,2079,1669505.000000000000000,14010,47,14010_43_44_47_48_53,Central Interior Highlands Calcareous Glade and Barrens,Grassland,19,16,5,3,18,21,61,I-A,255,235,20,1.000000000000000,0.921569000000000,0.078431000000000
1642,2080,65954.000000000000000,14130,47,14130_47,Bluegrass Savanna and Woodland,Hardwood,81,132,62,28,34,21,45,I-C,199,227,148,0.780392000000000,0.890196000000000,0.580392000000000
1643,2081,3517.000000000000000,14180,47,14180_47,Pennyroyal Karst Plain Prairie and Barrens,Grassland,2,75,22,1,91,2,7,II-A,232,227,138,0.909804000000000,0.890196000000000,0.541176000000000
1645,2083,6901.000000000000000,14570,47,14570_47_48,South-Central Interior/Upper Coastal Plain Wet Flatwoods,Hardwood,189,118,9,8,4,7,89,I-B,186,237,38,0.729412000000000,0.929412000000000,0.149020000000000
1646,2084,6736390.000000000000000,14710,47,14710_47_48_53_54_57_59_60_61_63,Central Interior and Appalachian Floodplain Systems,Riparian,613,392,121,80,13,21,66,III-A,0,191,176,0.000000000000000,0.749020000000000,0.690196000000000
1647,2085,2766948.000000000000000,14720,47,14720_44_46_47_48,Central Interior and Appalachian Riparian Systems,Riparian,990,-9999,200,167,17,-9999,83,III-B,36,255,20,0.141176000000000,1.000000000000000,0.078431000000000
1648,2086,931.000000000000000,14730,47,14730_45_46_47_98_99,Gulf and Atlantic Coastal Plain Floodplain Systems,Riparian,115,-9999,100,53,46,-9999,54,III-A,102,119,205,0.400000000000000,0.466667000000000,0.803922000000000
1650,2088,2455637.000000000000000,14790,47,14790_41_42_47_48_50_51_53,Central Interior and Appalachian Swamp Systems,Riparian,987,-9999,-9999,987,100,-9999,-9999,V-B,207,61,255,0.811765000000000,0.239216000000000,1.000000000000000
1652,2090,574.000000000000000,15090,47,15090_45_47,Mississippi River Alluvial Plain Dry-Mesic Loess Slope Forest,Hardwood,479,106,88,44,10,41,49,III-A,0,107,82,0.000000000000000,0.419608000000000,0.321569000000000
1653,2091,1563417.000000000000000,15180,47,15180_43_47_49_52_62_63_64_65,North-Central Interior Wet Flatwoods,Hardwood,993,-9999,-9999,993,100,-9999,-9999,V-B,211,237,38,0.827451000000000,0.929412000000000,0.149020000000000
1679,2117,9004321.000000000000000,13100,42,13100_38_42_43,North-Central Interior Dry-Mesic Oak Forest and Woodland,Hardwood,126,50,76,24,19,49,32,I-C,176,163,222,0.690196000000000,0.639216000000000,0.870588000000000
1680,2118,182059.000000000000000,13110,42,13110_42_43,North-Central Interior Dry Oak Forest and Woodland,Hardwood,141,111,11,9,7,8,85,I-B,179,207,143,0.701961000000000,0.811765000000000,0.560784000000000
1681,2119,3588859.000000000000000,13140,42,13140_38_39_40_41_42_43_44_50,North-Central Interior Maple-Basswood Forest,Hardwood,1027,-9999,857,467,46,-9999,54,V-A,237,161,102,0.929412000000000,0.631373000000000,0.400000000000000
1682,2120,117844.000000000000000,13850,42,13850_31_39_40_42,Western Great Plains Wooded Draw and Ravine,Shrubland,91,65,230,32,36,50,14,I-C,168,168,0,0.658824000000000,0.658824000000000,0.000000000000000
1683,2121,230058.000000000000000,13940,42,13940_42,North-Central Interior Oak Savanna,Hardwood,530,167,5,5,1,3,96,I-A,230,213,138,0.901961000000000,0.835294000000000,0.541176000000000
1684,2122,20177.000000000000000,13950,42,13950_41_42_43_49_52,North-Central Oak Barrens,Hardwood,341,246,5,5,1,2,97,I-A,255,235,176,1.000000000000000,0.921569000000000,0.690196000000000
1685,2123,188401.000000000000000,14120,42,14120_39_40_41_42_43_50_51,North-Central Interior Sand and Gravel Tallgrass Prairie,Grassland,4,-9999,87,3,96,-9999,4,II-A,214,0,157,0.839216000000000,0.000000000000000,0.615686000000000
1686,2124,4057363.000000000000000,14200,42,14200_39_40_42,Northern Tallgrass Prairie,Grassland,6,-9999,-9999,6,100,-9999,-9999,II-B,184,132,29,0.721569000000000,0.517647000000000,0.113725000000000
1687,2125,4563577.000000000000000,14210,42,14210_31_38_42_43_44_50_51,Central Tallgrass Prairie,Grassland,4,-9999,-9999,4,100,-9999,-9999,II-A,232,255,196,0.909804000000000,1.000000000000000,0.768627000000000
1688,2126,598194.000000000000000,14690,42,14690_38_42_49,Eastern Great Plains Floodplain Systems,Riparian,510,76,177,48,10,63,27,III-A,75,170,190,0.294118000000000,0.666667000000000,0.745098000000000
1689,2127,1789276.000000000000000,14710,42,14710_42_43,Central Interior and Appalachian Floodplain Systems,Riparian,-9999,-9999,-9999,-9999,-9999,-9999,-9999,-9999,0,191,176,0.000000000000000,0.749020000000000,0.690196000000000
1690,2128,87155.000000000000000,14790,42,14790_41_42_47_48_50_51_53,Central Interior and Appalachian Swamp Systems,Riparian,987,-9999,-9999,987,100,-9999,-9999,V-B,207,61,255,0.811765000000000,0.239216000000000,1.000000000000000
1691,2129,23255.000000000000000,14880,42,14880_38_42_43,Eastern Great Plains Wet Meadow-Prairie-Marsh,Grassland,3,-9999,-9999,3,100,-9999,-9999,II-A,148,20,51,0.580392000000000,0.078431000000000,0.200000000000000
1692,2130,164918.000000000000000,14930,42,14930_41_42_44_50,Central Interior and Appalachian Shrub-Herbaceous Wetland Systems,Riparian,17,-9999,-9999,17,100,-9999,-9999,II-C,240,150,20,0.941176000000000,0.588235000000000,0.078431000000000
1693,2131,178748.000000000000000,15170,42,15170_42_49_50,Paleozoic Plateau Bluff and Talus,Hardwood-Conifer,15,126,102,12,79,9,12,II-B,106,117,0,0.415686000000000,0.458824000000000,0.000000000000000
1696,2134,11.000000000000000,13100,44,13100_44_50,North-Central Interior Dry-Mesic Oak Forest and Woodland,Hardwood,123,49,76,24,20,48,32,I-C,176,163,222,0.690196000000000,0.639216000000000,0.870588000000000
1697,2135,735.000000000000000,13110,44,13110_44,North-Central Interior Dry Oak Forest and Woodland,Hardwood,107,99,19,14,13,14,73,I-B,179,207,143,0.701961000000000,0.811765000000000,0.560784000000000
1699,2137,3.000000000000000,13140,44,13140_38_39_40_41_42_43_44_50,North-Central Interior Maple-Basswood Forest,Hardwood,1027,-9999,857,467,46,-9999,54,V-A,237,161,102,0.929412000000000,0.631373000000000,0.400000000000000
1706,2144,6.000000000000000,13940,44,13940_44_49,North-Central Interior Oak Savanna,Hardwood,550,189,5,5,1,3,96,I-A,230,213,138,0.901961000000000,0.835294000000000,0.541176000000000
1714,2152,68482.000000000000000,14710,44,14710_44,Central Interior and Appalachian Floodplain Systems,Riparian,-9999,-9999,-9999,-9999,-9999,-9999,-9999,-9999,0,191,176,0.000000000000000,0.749020000000000,0.690196000000000
1716,2154,13414.000000000000000,14720,44,14720_44_46_47_48,Central Interior and Appalachian Riparian Systems,Riparian,990,-9999,200,167,17,-9999,83,III-B,36,255,20,0.141176000000000,1.000000000000000,0.078431000000000
1720,2158,5.000000000000000,14930,44,14930_41_42_44_50,Central Interior and Appalachian Shrub-Herbaceous Wetland Systems,Riparian,17,-9999,-9999,17,100,-9999,-9999,II-C,240,150,20,0.941176000000000,0.588235000000000,0.078431000000000
1746,2723,1617802.000000000000000,13620,41,13620_41_50,Laurentian-Acadian Northern Pine(-Oak) Forest,Hardwood-Conifer,355,680,12,11,3,2,95,I-B,255,191,191,1.000000000000000,0.749020000000000,0.749020000000000
1747,2724,9731564.000000000000000,13622,41,13622_41_50,Laurentian-Acadian Northern Pine(-Oak) Forest-Pine Dominated,Hardwood-Conifer,230,-9999,40,34,15,-9999,85,I-C,255,167,127,1.000000000000000,0.654902000000000,0.498039000000000
1748,2725,2200592.000000000000000,13620,50,13620_41_50,Laurentian-Acadian Northern Pine(-Oak) Forest,Hardwood-Conifer,355,680,12,11,3,2,95,I-B,255,191,191,1.000000000000000,0.749020000000000,0.749020000000000
1749,2726,8533449.000000000000000,13622,50,13622_41_50,Laurentian-Acadian Northern Pine(-Oak) Forest-Pine Dominated,Hardwood-Conifer,230,-9999,40,34,15,-9999,85,I-C,255,167,127,1.000000000000000,0.654902000000000,0.498039000000000
