"","OID_","Value","Count","BPS_CODE","ZONE","BPS_MODEL","BPS_NAME","GROUPVEG","FRI_REPLAC","FRI_MIXED","FRI_SURFAC","FRI_ALLFIR","PRC_REPLAC","PRC_MIXED","PRC_SURFAC","FRG_NEW","R","G","B","RED","GREEN","BLUE","ACRES","REL_PERCENT"
"1",1591,2029,100449121,14210,49,"14210_49_52","Central Tallgrass Prairie","Grassland",4,-9999,-9999,4,100,-9999,-9999,"II-A",232,255,196,0.909804,1,0.768627,22339347,8.2
"2",1579,2017,54553536,13100,49,"13100_49","North-Central Interior Dry-Mesic Oak Forest and Woodland","Hardwood",75,47,23,13,17,27,56,"I-B",176,163,222,0.690196,0.639216,0.870588,12132414,4.4
"3",1529,1967,44775672,13130,52,"13130_49_52_62","North-Central Interior Beech-Maple Forest","Hardwood",1026,-9999,852,465,45,-9999,55,"V-A",0,156,44,0,0.611765,0.172549,9957870,3.6
"4",3,11,36468107,11,0,"0","Open Water","Open Water",-9999,-9999,-9999,-9999,-9999,-9999,-9999,"-9999",0,0,255,0,0,1,8110312,3
"5",1232,1670,34667012,14200,39,"14200_39_40_42","Northern Tallgrass Prairie","Grassland",6,-9999,-9999,6,100,-9999,-9999,"II-B",184,132,29,0.721569,0.517647,0.113725,7709758,2.8
"6",1432,1870,33828222,13030,61,"13030_61_63_64_65_66","Northeastern Interior Dry-Mesic Oak Forest","Hardwood",39,24,9,6,14,23,63,"I-B",215,185,100,0.843137,0.72549,0.392157,7523215,2.8
"7",1452,1890,33863657,13020,63,"13020_63","Laurentian-Acadian Northern Hardwoods Forest","Hardwood",2021,-9999,-9999,2021,100,-9999,-9999,"V-B",76,230,0,0.298039,0.901961,0,7531096,2.8
"8",1134,1570,33054824,13940,50,"13940_50_51","North-Central Interior Oak Savanna","Hardwood",66,184,5,5,7,3,90,"I-A",230,213,138,0.901961,0.835294,0.541176,7351216,2.7
"9",1471,1909,33287831,13030,62,"13030_62","Northeastern Interior Dry-Mesic Oak Forest","Hardwood",39,52,8,6,15,11,74,"I-B",215,185,100,0.843137,0.72549,0.392157,7403035,2.7
"10",1181,1619,30755083,13130,51,"13130_47_50_51","North-Central Interior Beech-Maple Forest","Hardwood",1004,-9999,836,456,45,-9999,55,"V-A",0,156,44,0,0.611765,0.172549,6839766,2.5
"11",1505,1943,25433196,13020,64,"13020_64","Laurentian-Acadian Northern Hardwoods Forest","Hardwood",2108,-9999,-9999,2108,100,-9999,-9999,"V-B",76,230,0,0.298039,0.901961,0,5656207,2.1
"12",1527,1965,24585856,13100,52,"13100_52","North-Central Interior Dry-Mesic Oak Forest and Woodland","Hardwood",75,47,23,13,17,27,56,"I-B",176,163,222,0.690196,0.639216,0.870588,5467763,2
"13",1176,1614,23634794,13022,51,"13022_41_50_51","Laurentian-Acadian Northern Hardwoods Forest-Hemlock","Hardwood",2040,-9999,-9999,2040,100,-9999,-9999,"V-B",76,230,0,0.298039,0.901961,0,5256252,1.9
"14",1126,1561,22320177,13022,50,"13022_41_50_51","Laurentian-Acadian Northern Hardwoods Forest-Hemlock","Hardwood",2040,-9999,-9999,2040,100,-9999,-9999,"V-B",76,230,0,0.298039,0.901961,0,4963888,1.8
"15",1458,1896,22303522,13700,63,"13700_60_63_64_65_66","Appalachian (Hemlock-)Northern Hardwood Forest","Hardwood",1010,1122,-9999,531,53,47,-9999,"V-B",214,255,145,0.839216,1,0.568627,4960184,1.8
"16",1170,1608,20227200,14770,41,"14770_40_41_50_51","Boreal Acidic Peatland Systems","Riparian",716,-9999,123,105,15,-9999,85,"III-B",106,0,138,0.415686,0,0.541176,4498421,1.6
"17",1216,1654,18714454,14200,40,"14200_39_40_42","Northern Tallgrass Prairie","Grassland",6,-9999,-9999,6,100,-9999,-9999,"II-B",184,132,29,0.721569,0.517647,0.113725,4161994,1.5
"18",1201,1639,16974315,14810,51,"14810_41_50_51_63","Laurentian-Acadian Alkaline Conifer-Hardwood Swamp","Riparian",989,-9999,-9999,989,100,-9999,-9999,"V-B",232,189,255,0.909804,0.741176,1,3774997,1.4
"19",1152,1588,15600222,13022,41,"13022_41_50_51","Laurentian-Acadian Northern Hardwoods Forest-Hemlock","Hardwood",2040,-9999,-9999,2040,100,-9999,-9999,"V-B",76,230,0,0.298039,0.901961,0,3469406,1.3
"20",1509,1947,16207712,13660,64,"13660_51_63_64_65_66","Laurentian-Acadian Pine-Hemlock-Hardwood Forest","Hardwood-Conifer",482,998,289,153,32,15,53,"III-B",208,255,99,0.815686,1,0.388235,3604508,1.3
"21",1127,1562,14406012,13022,50,"13022_41_50_51","Laurentian-Acadian Northern Hardwoods Forest-Hemlock","Hardwood",2040,-9999,-9999,2040,100,-9999,-9999,"V-B",76,230,150,0.298039,0.901961,0.588235,3203820,1.2
"22",1160,1598,14764984,13653,41,"13653_41","Boreal White Spruce-Fir-Hardwood Forest-Aspen-Birch","Conifer",112,243,-9999,76,68,32,-9999,"III-A",255,255,145,1,1,0.568627,3283653,1.2
"23",1184,1622,14317662,13620,51,"13620_51_63_64_65_66","Laurentian-Acadian Northern Pine(-Oak) Forest","Hardwood-Conifer",309,447,65,48,16,11,73,"III-A",255,191,191,1,0.74902,0.74902,3184171,1.2
"24",1634,2072,14925111,13210,47,"13210_47_48_53_57","South-Central Interior Mesophytic Forest","Hardwood",869,534,86,68,8,13,79,"III-A",71,135,148,0.278431,0.529412,0.580392,3319265,1.2
"25",1158,1596,13018302,13651,41,"13651_40_41_50","Boreal White Spruce-Fir-Hardwood Forest-Inland","Conifer",250,1468,-9999,213,85,15,-9999,"V-A",147,194,114,0.576471,0.760784,0.447059,2895201,1.1
"26",1155,1591,12175245,13140,41,"13140_38_39_40_41_42_43_44_50","North-Central Interior Maple-Basswood Forest","Hardwood",1027,-9999,857,467,46,-9999,54,"V-A",237,161,102,0.929412,0.631373,0.4,2707709,1
"27",1473,1911,12541646,13130,62,"13130_49_52_62","North-Central Interior Beech-Maple Forest","Hardwood",1026,-9999,852,465,45,-9999,55,"V-A",0,156,44,0,0.611765,0.172549,2789195,1
"28",1474,1912,12181784,13170,62,"13170_62","Allegheny-Cumberland Dry Oak Forest and Woodland","Hardwood",37,117,11,8,21,7,72,"I-B",186,184,148,0.729412,0.721569,0.580392,2709164,1
"29",1164,1602,11046083,14072,41,"14072_41_50_51","Laurentian Pine-Oak Barrens-Jack Pine","Conifer",25,46,18,8,34,18,48,"I-B",153,66,100,0.6,0.258824,0.392157,2456590,0.9
"30",1166,1604,10630183,14200,41,"14200_41","Northern Tallgrass Prairie","Grassland",4,-9999,-9999,4,100,-9999,-9999,"II-A",184,132,29,0.721569,0.517647,0.113725,2364096,0.9
"31",1177,1615,10454292,13022,51,"13022_41_50_51","Laurentian-Acadian Northern Hardwoods Forest-Hemlock","Hardwood",2040,-9999,-9999,2040,100,-9999,-9999,"V-B",76,230,150,0.298039,0.901961,0.588235,2324979,0.9
"32",1457,1895,9865029,13690,63,"13690_60_61_63_64_65_66","Central Appalachian Dry Oak-Pine Forest","Hardwood-Conifer",182,463,15,14,8,3,89,"I-B",0,255,220,0,1,0.862745,2193930,0.8
"33",1747,2724,9731564,13622,41,"13622_41_50","Laurentian-Acadian Northern Pine(-Oak) Forest-Pine Dominated","Hardwood-Conifer",230,-9999,40,34,15,-9999,85,"I-C",255,167,127,1,0.654902,0.498039,2164248,0.8
"34",1145,1581,9075955,14770,50,"14770_40_41_50_51","Boreal Acidic Peatland Systems","Riparian",716,-9999,123,105,15,-9999,85,"III-B",106,0,138,0.415686,0,0.541176,2018444,0.7
"35",1161,1599,8909275,13940,41,"13940_39_40_41","North-Central Interior Oak Savanna","Hardwood",550,165,5,5,1,3,96,"I-A",230,213,138,0.901961,0.835294,0.541176,1981375,0.7
"36",1179,1617,8839521,13100,51,"13100_51","North-Central Interior Dry-Mesic Oak Forest and Woodland","Hardwood",161,160,11,9,6,6,88,"I-B",176,163,222,0.690196,0.639216,0.870588,1965862,0.7
"37",1187,1625,8651989,13660,51,"13660_51_63_64_65_66","Laurentian-Acadian Pine-Hemlock-Hardwood Forest","Hardwood-Conifer",482,998,289,153,32,15,53,"III-B",208,255,99,0.815686,1,0.388235,1924156,0.7
"38",1402,1840,8909540,13030,60,"13030_60","Northeastern Interior Dry-Mesic Oak Forest","Hardwood",7,17,15,4,53,22,25,"I-A",215,185,100,0.843137,0.72549,0.392157,1981434,0.7
"39",1629,2067,8737796,13050,47,"13050_47_48","Southern Interior Low Plateau Dry-Mesic Oak Forest","Hardwood",6,199,21,4,77,3,20,"II-A",184,156,33,0.721569,0.611765,0.129412,1943239,0.7
"40",1679,2117,9004321,13100,42,"13100_38_42_43","North-Central Interior Dry-Mesic Oak Forest and Woodland","Hardwood",126,50,76,24,19,49,32,"I-C",176,163,222,0.690196,0.639216,0.870588,2002513,0.7
"41",1749,2726,8533449,13622,50,"13622_41_50","Laurentian-Acadian Northern Pine(-Oak) Forest-Pine Dominated","Hardwood-Conifer",230,-9999,40,34,15,-9999,85,"I-C",255,167,127,1,0.654902,0.498039,1897793,0.7
"42",1131,1566,7653823,13140,50,"13140_38_39_40_41_42_43_44_50","North-Central Interior Maple-Basswood Forest","Hardwood",1027,-9999,857,467,46,-9999,54,"V-A",237,161,102,0.929412,0.631373,0.4,1702169,0.6
"43",1140,1576,7488384,14210,50,"14210_31_38_42_43_44_50_51","Central Tallgrass Prairie","Grassland",4,-9999,-9999,4,100,-9999,-9999,"II-A",232,255,196,0.909804,1,0.768627,1665377,0.6
"44",1154,1590,7138141,13100,41,"13100_41_62","North-Central Interior Dry-Mesic Oak Forest and Woodland","Hardwood",74,56,23,13,18,24,58,"I-B",176,163,222,0.690196,0.639216,0.870588,1587484,0.6
"45",1189,1627,7617028,13950,51,"13950_51","North-Central Oak Barrens","Hardwood",49,180,6,5,10,3,87,"I-A",255,235,176,1,0.921569,0.690196,1693986,0.6
"46",1510,1948,7320635,13690,64,"13690_60_61_63_64_65_66","Central Appalachian Dry Oak-Pine Forest","Hardwood-Conifer",182,463,15,14,8,3,89,"I-B",0,255,220,0,1,0.862745,1628070,0.6
"47",1582,2020,6925425,13140,49,"13140_49","North-Central Interior Maple-Basswood Forest","Hardwood",1030,-9999,845,464,45,-9999,55,"V-A",237,161,102,0.929412,0.631373,0.4,1540177,0.6
"48",1633,2071,7398135,13130,47,"13130_47_50_51","North-Central Interior Beech-Maple Forest","Hardwood",1004,-9999,836,456,45,-9999,55,"V-A",0,156,44,0,0.611765,0.172549,1645306,0.6
"49",1185,1623,5705783,13651,51,"13651_51","Boreal White Spruce-Fir-Hardwood Forest-Inland","Conifer",490,524,-9999,253,52,48,-9999,"V-A",147,194,114,0.576471,0.760784,0.447059,1268936,0.5
"50",1199,1637,6258222,14770,51,"14770_40_41_50_51","Boreal Acidic Peatland Systems","Riparian",716,-9999,123,105,15,-9999,85,"III-B",106,0,138,0.415686,0,0.541176,1391795,0.5
"51",1466,1904,6134997,14790,63,"14790_60_61_63_64_65_66","Central Interior and Appalachian Swamp Systems","Riparian",1011,-9999,1353,578,57,-9999,43,"V-B",207,61,255,0.811765,0.239216,1,1364390,0.5
"52",1513,1951,5615791,13740,64,"13740_64_65_66","Acadian-Appalachian Montane Spruce-Fir Forest","Hardwood-Conifer",580,-9999,-9999,580,100,-9999,-9999,"V-B",144,107,181,0.564706,0.419608,0.709804,1248922,0.5
"53",1528,1966,5892032,13110,52,"13110_52","North-Central Interior Dry Oak Forest and Woodland","Hardwood",149,151,11,9,6,6,88,"I-B",179,207,143,0.701961,0.811765,0.560784,1310356,0.5
"54",1646,2084,6736390,14710,47,"14710_47_48_53_54_57_59_60_61_63","Central Interior and Appalachian Floodplain Systems","Riparian",613,392,121,80,13,21,66,"III-A",0,191,176,0,0.74902,0.690196,1498137,0.5
"55",1147,1583,5206168,14810,50,"14810_41_50_51_63","Laurentian-Acadian Alkaline Conifer-Hardwood Swamp","Riparian",989,-9999,-9999,989,100,-9999,-9999,"V-B",232,189,255,0.909804,0.741176,1,1157824,0.4
"56",1151,1587,5107407,15170,50,"15170_42_49_50","Paleozoic Plateau Bluff and Talus","Hardwood-Conifer",15,126,102,12,79,9,12,"II-B",106,117,0,0.415686,0.458824,0,1135860,0.4
"57",1172,1610,5172789,14810,41,"14810_41_50_51_63","Laurentian-Acadian Alkaline Conifer-Hardwood Swamp","Riparian",989,-9999,-9999,989,100,-9999,-9999,"V-B",232,189,255,0.909804,0.741176,1,1150401,0.4
"58",1175,1613,4417576,14940,41,"14940_41_50_51","Laurentian-Acadian Shrub-Herbaceous Wetland Systems","Riparian",18,-9999,-9999,18,100,-9999,-9999,"II-C",0,168,107,0,0.658824,0.419608,982445,0.4
"59",1190,1628,4695575,14071,51,"14071_41_50_51","Laurentian Pine-Oak Barrens","Hardwood-Conifer",109,75,5,4,4,6,90,"I-A",153,66,0,0.6,0.258824,0,1044271,0.4
"60",1197,1635,5026822,14710,51,"14710_51_62","Central Interior and Appalachian Floodplain Systems","Riparian",-9999,429,67,58,-9999,14,86,"III-A",0,191,176,0,0.74902,0.690196,1117938,0.4
"61",1445,1883,4331579,13700,61,"13700_53_61_62","Appalachian (Hemlock-)Northern Hardwood Forest","Hardwood",1036,1083,-9999,529,51,49,-9999,"V-B",214,255,145,0.839216,1,0.568627,963320,0.4
"62",1463,1901,4771716,14720,63,"14720_61_62_63","Central Interior and Appalachian Riparian Systems","Riparian",1001,-9999,200,166,17,-9999,83,"III-B",36,255,20,0.141176,1,0.078431,1061204,0.4
"63",1475,1913,5519577,13210,62,"13210_62","South-Central Interior Mesophytic Forest","Hardwood",960,798,341,191,20,24,56,"III-B",71,135,148,0.278431,0.529412,0.580392,1227524,0.4
"64",1477,1915,4364162,14710,62,"14710_51_62","Central Interior and Appalachian Floodplain Systems","Riparian",-9999,429,67,58,-9999,14,86,"III-A",0,191,176,0,0.74902,0.690196,970566,0.4
"65",1488,1926,4581381,13690,65,"13690_60_61_63_64_65_66","Central Appalachian Dry Oak-Pine Forest","Hardwood-Conifer",182,463,15,14,8,3,89,"I-B",0,255,220,0,1,0.862745,1018875,0.4
"66",1511,1949,4503306,13700,64,"13700_60_63_64_65_66","Appalachian (Hemlock-)Northern Hardwood Forest","Hardwood",1010,1122,-9999,531,53,47,-9999,"V-B",214,255,145,0.839216,1,0.568627,1001511,0.4
"67",1519,1957,4814220,14720,64,"14720_64_65_66","Central Interior and Appalachian Riparian Systems","Riparian",984,-9999,198,165,17,-9999,83,"III-B",36,255,20,0.141176,1,0.078431,1070657,0.4
"68",1520,1958,4306897,14750,64,"14750_41_50_51_63_64_65_66","Laurentian-Acadian Floodplain Systems","Riparian",-9999,435,68,59,-9999,14,86,"III-A",122,143,245,0.478431,0.560784,0.960784,957831,0.4
"69",1536,1974,4933539,14790,52,"14790_52_62","Central Interior and Appalachian Swamp Systems","Riparian",989,-9999,-9999,989,100,-9999,-9999,"V-B",207,61,255,0.811765,0.239216,1,1097193,0.4
"70",1583,2021,5202228,13210,49,"13210_49","South-Central Interior Mesophytic Forest","Hardwood",708,809,548,223,32,28,40,"V-A",71,135,148,0.278431,0.529412,0.580392,1156948,0.4
"71",1687,2125,4563577,14210,42,"14210_31_38_42_43_44_50_51","Central Tallgrass Prairie","Grassland",4,-9999,-9999,4,100,-9999,-9999,"II-A",232,255,196,0.909804,1,0.768627,1014915,0.4
"72",1157,1593,3460313,13440,41,"13440_41","Boreal Jack Pine-Black Spruce Forest","Conifer",82,-9999,-9999,82,100,-9999,-9999,"IV-A",255,140,140,1,0.54902,0.54902,769555,0.3
"73",1167,1605,3308445,14440,41,"14440_41_50_51","Eastern Boreal Floodplain","Hardwood",-9999,581,312,203,-9999,35,65,"V-A",69,69,156,0.270588,0.270588,0.611765,735780,0.3
"74",1180,1618,3232093,13110,51,"13110_51","North-Central Interior Dry Oak Forest and Woodland","Hardwood",137,111,11,9,7,8,85,"I-B",179,207,143,0.701961,0.811765,0.560784,718800,0.3
"75",1186,1624,3317735,13652,51,"13652_51","Boreal White Spruce-Fir-Hardwood Forest-Coastal","Conifer",872,1306,-9999,523,60,40,-9999,"V-B",110,137,70,0.431373,0.537255,0.27451,737847,0.3
"76",1413,1851,3267370,13690,60,"13690_60_61_63_64_65_66","Central Appalachian Dry Oak-Pine Forest","Hardwood-Conifer",182,463,15,14,8,3,89,"I-B",0,255,220,0,1,0.862745,726646,0.3
"77",1438,1876,4011452,13210,61,"13210_61_63","South-Central Interior Mesophytic Forest","Hardwood",847,573,102,78,9,14,77,"III-A",71,135,148,0.278431,0.529412,0.580392,892125,0.3
"78",1450,1888,4276179,14720,61,"14720_61_62_63","Central Interior and Appalachian Riparian Systems","Riparian",1001,-9999,200,166,17,-9999,83,"III-B",36,255,20,0.141176,1,0.078431,950999,0.3
"79",1478,1916,4043387,14720,62,"14720_61_62_63","Central Interior and Appalachian Riparian Systems","Riparian",1001,-9999,200,166,17,-9999,83,"III-B",36,255,20,0.141176,1,0.078431,899228,0.3
"80",1508,1946,3743748,13620,64,"13620_51_63_64_65_66","Laurentian-Acadian Northern Pine(-Oak) Forest","Hardwood-Conifer",309,447,65,48,16,11,73,"III-A",255,191,191,1,0.74902,0.74902,832590,0.3
"81",1535,1973,4057970,14710,52,"14710_49_52","Central Interior and Appalachian Floodplain Systems","Riparian",-9999,426,68,59,-9999,14,86,"III-A",0,191,176,0,0.74902,0.690196,902471,0.3
"82",1681,2119,3588859,13140,42,"13140_38_39_40_41_42_43_44_50","North-Central Interior Maple-Basswood Forest","Hardwood",1027,-9999,857,467,46,-9999,54,"V-A",237,161,102,0.929412,0.631373,0.4,798143,0.3
"83",1686,2124,4057363,14200,42,"14200_39_40_42","Northern Tallgrass Prairie","Grassland",6,-9999,-9999,6,100,-9999,-9999,"II-B",184,132,29,0.721569,0.517647,0.113725,902336,0.3
"84",1128,1563,2558887,13100,50,"13100_44_50","North-Central Interior Dry-Mesic Oak Forest and Woodland","Hardwood",123,49,76,24,20,48,32,"I-C",176,163,222,0.690196,0.639216,0.870588,569083,0.2
"85",1133,1569,2410684,13660,50,"13660_50","Laurentian-Acadian Pine-Hemlock-Hardwood Forest","Hardwood-Conifer",483,1018,291,154,32,15,53,"III-B",208,255,99,0.815686,1,0.388235,536123,0.2
"86",1135,1571,2977965,13950,50,"13950_50","North-Central Oak Barrens","Hardwood",53,143,6,5,9,4,87,"I-A",255,235,176,1,0.921569,0.690196,662283,0.2
"87",1136,1572,1965994,14071,50,"14071_41_50_51","Laurentian Pine-Oak Barrens","Hardwood-Conifer",109,75,5,4,4,6,90,"I-A",153,66,0,0.6,0.258824,0,437227,0.2
"88",1139,1575,2198919,14120,50,"14120_39_40_41_42_43_50_51","North-Central Interior Sand and Gravel Tallgrass Prairie","Grassland",4,-9999,87,3,96,-9999,4,"II-A",214,0,157,0.839216,0,0.615686,489028,0.2
"89",1159,1597,2540756,13652,41,"13652_41","Boreal White Spruce-Fir-Hardwood Forest-Coastal","Conifer",939,1147,-9999,516,55,45,-9999,"V-B",110,137,70,0.431373,0.537255,0.27451,565051,0.2
"90",1162,1600,2501596,13950,41,"13950_41_42_43_49_52","North-Central Oak Barrens","Hardwood",341,246,5,5,1,2,97,"I-A",255,235,176,1,0.921569,0.690196,556342,0.2
"91",1165,1603,3016992,14120,41,"14120_39_40_41_42_43_50_51","North-Central Interior Sand and Gravel Tallgrass Prairie","Grassland",4,-9999,87,3,96,-9999,4,"II-A",214,0,157,0.839216,0,0.615686,670963,0.2
"92",1169,1607,2298879,14750,41,"14750_41_50_51_63_64_65_66","Laurentian-Acadian Floodplain Systems","Riparian",-9999,435,68,59,-9999,14,86,"III-A",122,143,245,0.478431,0.560784,0.960784,511258,0.2
"93",1174,1612,2605159,14930,41,"14930_41_42_44_50","Central Interior and Appalachian Shrub-Herbaceous Wetland Systems","Riparian",17,-9999,-9999,17,100,-9999,-9999,"II-C",240,150,20,0.941176,0.588235,0.078431,579373,0.2
"94",1182,1620,2945536,13441,51,"13441_51","Boreal Jack Pine-Black Spruce Forest-Pine Barrens","Conifer",34,64,7,5,15,8,77,"I-A",255,140,140,1,0.54902,0.54902,655071,0.2
"95",1200,1638,2860328,14790,51,"14790_41_42_47_48_50_51_53","Central Interior and Appalachian Swamp Systems","Riparian",987,-9999,-9999,987,100,-9999,-9999,"V-B",207,61,255,0.811765,0.239216,1,636122,0.2
"96",1218,1656,2621808,14770,40,"14770_40_41_50_51","Boreal Acidic Peatland Systems","Riparian",716,-9999,123,105,15,-9999,85,"III-B",106,0,138,0.415686,0,0.541176,583076,0.2
"97",1231,1669,1965143,14120,39,"14120_39_40_41_42_43_50_51","North-Central Interior Sand and Gravel Tallgrass Prairie","Grassland",4,-9999,87,3,96,-9999,4,"II-A",214,0,157,0.839216,0,0.615686,437037,0.2
"98",1233,1671,2131069,14690,39,"14690_31_39_40_43","Eastern Great Plains Floodplain Systems","Riparian",517,77,176,48,9,63,28,"III-A",75,170,190,0.294118,0.666667,0.745098,473938,0.2
"99",1444,1882,2812718,13690,61,"13690_60_61_63_64_65_66","Central Appalachian Dry Oak-Pine Forest","Hardwood-Conifer",182,463,15,14,8,3,89,"I-B",0,255,220,0,1,0.862745,625533,0.2
"100",1456,1894,2048091,13660,63,"13660_51_63_64_65_66","Laurentian-Acadian Pine-Hemlock-Hardwood Forest","Hardwood-Conifer",482,998,289,153,32,15,53,"III-B",208,255,99,0.815686,1,0.388235,455484,0.2
"101",1464,1902,2191847,14750,63,"14750_41_50_51_63_64_65_66","Laurentian-Acadian Floodplain Systems","Riparian",-9999,435,68,59,-9999,14,86,"III-A",122,143,245,0.478431,0.560784,0.960784,487455,0.2
"102",1472,1910,1857781,13100,62,"13100_41_62","North-Central Interior Dry-Mesic Oak Forest and Woodland","Hardwood",74,56,23,13,18,24,58,"I-B",176,163,222,0.690196,0.639216,0.870588,413161,0.2
"103",1484,1922,2619055,13240,65,"13240_60_65_66","Northern Atlantic Coastal Plain Hardwood Forest","Hardwood",48,44,4,4,8,8,84,"I-A",161,112,90,0.631373,0.439216,0.352941,582464,0.2
"104",1489,1927,1853548,13700,65,"13700_60_63_64_65_66","Appalachian (Hemlock-)Northern Hardwood Forest","Hardwood",1010,1122,-9999,531,53,47,-9999,"V-B",214,255,145,0.839216,1,0.568627,412219,0.2
"105",1518,1956,2157939,14710,64,"14710_64_65","Central Interior and Appalachian Floodplain Systems","Riparian",603,392,120,80,14,20,66,"III-A",0,191,176,0,0.74902,0.690196,479914,0.2
"106",1530,1968,1862368,13940,52,"13940_52","North-Central Interior Oak Savanna","Hardwood",552,187,5,5,1,3,96,"I-A",230,213,138,0.901961,0.835294,0.541176,414181,0.2
"107",1565,2003,2530228,13170,53,"13170_48_53","Allegheny-Cumberland Dry Oak Forest and Woodland","Hardwood",91,1199,6,6,6,1,93,"I-B",186,184,148,0.729412,0.721569,0.580392,562709,0.2
"108",1567,2005,2954088,13210,53,"13210_47_48_53_57","South-Central Interior Mesophytic Forest","Hardwood",869,534,86,68,8,13,79,"III-A",71,135,148,0.278431,0.529412,0.580392,656973,0.2
"109",1647,2085,2766948,14720,47,"14720_44_46_47_48","Central Interior and Appalachian Riparian Systems","Riparian",990,-9999,200,167,17,-9999,83,"III-B",36,255,20,0.141176,1,0.078431,615354,0.2
"110",1650,2088,2455637,14790,47,"14790_41_42_47_48_50_51_53","Central Interior and Appalachian Swamp Systems","Riparian",987,-9999,-9999,987,100,-9999,-9999,"V-B",207,61,255,0.811765,0.239216,1,546121,0.2
"111",1748,2725,2200592,13620,50,"13620_41_50","Laurentian-Acadian Northern Pine(-Oak) Forest","Hardwood-Conifer",355,680,12,11,3,2,95,"I-B",255,191,191,1,0.74902,0.74902,489400,0.2
"112",1130,1565,907654,13130,50,"13130_47_50_51","North-Central Interior Beech-Maple Forest","Hardwood",1004,-9999,836,456,45,-9999,55,"V-A",0,156,44,0,0.611765,0.172549,201857,0.1
"113",1132,1568,1045537,13651,50,"13651_40_41_50","Boreal White Spruce-Fir-Hardwood Forest-Inland","Conifer",250,1468,-9999,213,85,15,-9999,"V-A",147,194,114,0.576471,0.760784,0.447059,232522,0.1
"114",1137,1573,1047235,14072,50,"14072_41_50_51","Laurentian Pine-Oak Barrens-Jack Pine","Conifer",25,46,18,8,34,18,48,"I-B",153,66,100,0.6,0.258824,0.392157,232899,0.1
"115",1143,1579,1401794,14710,50,"14710_41_50","Central Interior and Appalachian Floodplain Systems","Riparian",-9999,432,67,58,-9999,14,86,"III-A",0,191,176,0,0.74902,0.690196,311751,0.1
"116",1144,1580,815690,14750,50,"14750_41_50_51_63_64_65_66","Laurentian-Acadian Floodplain Systems","Riparian",-9999,435,68,59,-9999,14,86,"III-A",122,143,245,0.478431,0.560784,0.960784,181405,0.1
"117",1146,1582,1505040,14790,50,"14790_41_42_47_48_50_51_53","Central Interior and Appalachian Swamp Systems","Riparian",987,-9999,-9999,987,100,-9999,-9999,"V-B",207,61,255,0.811765,0.239216,1,334713,0.1
"118",1149,1585,1322656,14930,50,"14930_41_42_44_50","Central Interior and Appalachian Shrub-Herbaceous Wetland Systems","Riparian",17,-9999,-9999,17,100,-9999,-9999,"II-C",240,150,20,0.941176,0.588235,0.078431,294152,0.1
"119",1150,1586,944949,14940,50,"14940_41_50_51","Laurentian-Acadian Shrub-Herbaceous Wetland Systems","Riparian",18,-9999,-9999,18,100,-9999,-9999,"II-C",0,168,107,0,0.658824,0.419608,210152,0.1
"120",1153,1589,1735857,13022,41,"13022_41_50_51","Laurentian-Acadian Northern Hardwoods Forest-Hemlock","Hardwood",2040,-9999,-9999,2040,100,-9999,-9999,"V-B",76,230,150,0.298039,0.901961,0.588235,386045,0.1
"121",1168,1606,777077,14710,41,"14710_41_50","Central Interior and Appalachian Floodplain Systems","Riparian",-9999,432,67,58,-9999,14,86,"III-A",0,191,176,0,0.74902,0.690196,172818,0.1
"122",1171,1609,1102775,14790,41,"14790_41_42_47_48_50_51_53","Central Interior and Appalachian Swamp Systems","Riparian",987,-9999,-9999,987,100,-9999,-9999,"V-B",207,61,255,0.811765,0.239216,1,245251,0.1
"123",1188,1626,1245281,13940,51,"13940_50_51","North-Central Interior Oak Savanna","Hardwood",66,184,5,5,7,3,90,"I-A",230,213,138,0.901961,0.835294,0.541176,276944,0.1
"124",1192,1630,642281,14110,51,"14110_49_51_52","Great Lakes Wet-Mesic Lakeplain Prairie","Riparian",24,-9999,-9999,24,100,-9999,-9999,"II-C",235,255,0,0.921569,1,0,142840,0.1
"125",1193,1631,666732,14120,51,"14120_39_40_41_42_43_50_51","North-Central Interior Sand and Gravel Tallgrass Prairie","Grassland",4,-9999,87,3,96,-9999,4,"II-A",214,0,157,0.839216,0,0.615686,148278,0.1
"126",1194,1632,625653,14210,51,"14210_31_38_42_43_44_50_51","Central Tallgrass Prairie","Grassland",4,-9999,-9999,4,100,-9999,-9999,"II-A",232,255,196,0.909804,1,0.768627,139142,0.1
"127",1198,1636,1161264,14750,51,"14750_41_50_51_63_64_65_66","Laurentian-Acadian Floodplain Systems","Riparian",-9999,435,68,59,-9999,14,86,"III-A",122,143,245,0.478431,0.560784,0.960784,258259,0.1
"128",1211,1649,1351310,13310,40,"13310_39_40_41","Eastern Great Plains Tallgrass Aspen Parkland","Hardwood",16,-9999,8,6,35,-9999,65,"I-B",220,240,0,0.862745,0.941176,0,300524,0.1
"129",1214,1652,1130520,13940,40,"13940_39_40_41","North-Central Interior Oak Savanna","Hardwood",550,165,5,5,1,3,96,"I-A",230,213,138,0.901961,0.835294,0.541176,251422,0.1
"130",1215,1653,1712380,14120,40,"14120_39_40_41_42_43_50_51","North-Central Interior Sand and Gravel Tallgrass Prairie","Grassland",4,-9999,87,3,96,-9999,4,"II-A",214,0,157,0.839216,0,0.615686,380824,0.1
"131",1219,1657,1140329,14820,40,"14820_39_40","Great Plains Prairie Pothole","Grassland",50,-9999,-9999,50,100,-9999,-9999,"IV-A",156,100,163,0.611765,0.392157,0.639216,253603,0.1
"132",1414,1852,1003325,13700,60,"13700_60_63_64_65_66","Appalachian (Hemlock-)Northern Hardwood Forest","Hardwood",1010,1122,-9999,531,53,47,-9999,"V-B",214,255,145,0.839216,1,0.568627,223134,0.1
"133",1435,1873,1121933,13170,61,"13170_57_61","Allegheny-Cumberland Dry Oak Forest and Woodland","Hardwood",123,59,15,11,9,18,73,"I-B",186,184,148,0.729412,0.721569,0.580392,249512,0.1
"134",1449,1887,1287485,14710,61,"14710_47_48_53_54_57_59_60_61_63","Central Interior and Appalachian Floodplain Systems","Riparian",613,392,121,80,13,21,66,"III-A",0,191,176,0,0.74902,0.690196,286330,0.1
"135",1453,1891,614906,13030,63,"13030_61_63_64_65_66","Northeastern Interior Dry-Mesic Oak Forest","Hardwood",39,24,9,6,14,23,63,"I-B",215,185,100,0.843137,0.72549,0.392157,136752,0.1
"136",1462,1900,1171872,14710,63,"14710_47_48_53_54_57_59_60_61_63","Central Interior and Appalachian Floodplain Systems","Riparian",613,392,121,80,13,21,66,"III-A",0,191,176,0,0.74902,0.690196,260618,0.1
"137",1481,1919,890746,15180,62,"15180_43_47_49_52_62_63_64_65","North-Central Interior Wet Flatwoods","Hardwood",993,-9999,-9999,993,100,-9999,-9999,"V-B",211,237,38,0.827451,0.929412,0.14902,198097,0.1
"138",1482,1920,883643,13020,65,"13020_65_66","Laurentian-Acadian Northern Hardwoods Forest","Hardwood",983,-9999,-9999,983,100,-9999,-9999,"V-B",76,230,0,0.298039,0.901961,0,196517,0.1
"139",1483,1921,642906,13030,65,"13030_61_63_64_65_66","Northeastern Interior Dry-Mesic Oak Forest","Hardwood",39,24,9,6,14,23,63,"I-B",215,185,100,0.843137,0.72549,0.392157,142979,0.1
"140",1499,1937,937974,14790,65,"14790_60_61_63_64_65_66","Central Interior and Appalachian Swamp Systems","Riparian",1011,-9999,1353,578,57,-9999,43,"V-B",207,61,255,0.811765,0.239216,1,208600,0.1
"141",1506,1944,1315554,13030,64,"13030_61_63_64_65_66","Northeastern Interior Dry-Mesic Oak Forest","Hardwood",39,24,9,6,14,23,63,"I-B",215,185,100,0.843137,0.72549,0.392157,292572,0.1
"142",1512,1950,798535,13730,64,"13730_63_64","Acadian Low-Elevation Spruce-Fir-Hardwood Forest","Hardwood-Conifer",1053,-9999,-9999,1053,100,-9999,-9999,"V-B",130,160,100,0.509804,0.627451,0.392157,177590,0.1
"143",1514,1952,813099,13770,64,"13770_60_61_63_64_65_66","Central Appalachian Pine-Oak Rocky Woodland","Hardwood-Conifer",412,384,4645,190,46,50,4,"III-B",255,0,77,1,0,0.301961,180829,0.1
"144",1525,1963,1375507,15180,64,"15180_43_47_49_52_62_63_64_65","North-Central Interior Wet Flatwoods","Hardwood",993,-9999,-9999,993,100,-9999,-9999,"V-B",211,237,38,0.827451,0.929412,0.14902,305905,0.1
"145",1531,1969,1626423,13950,52,"13950_41_42_43_49_52","North-Central Oak Barrens","Hardwood",341,246,5,5,1,2,97,"I-A",255,235,176,1,0.921569,0.690196,361708,0.1
"146",1534,1972,1599930,14210,52,"14210_49_52","Central Tallgrass Prairie","Grassland",4,-9999,-9999,4,100,-9999,-9999,"II-A",232,255,196,0.909804,1,0.768627,355816,0.1
"147",1538,1976,773374,14930,52,"14930_52_62","Central Interior and Appalachian Shrub-Herbaceous Wetland Systems","Riparian",17,-9999,-9999,17,100,-9999,-9999,"II-C",240,150,20,0.941176,0.588235,0.078431,171994,0.1
"148",1539,1977,1396512,15180,52,"15180_43_47_49_52_62_63_64_65","North-Central Interior Wet Flatwoods","Hardwood",993,-9999,-9999,993,100,-9999,-9999,"V-B",211,237,38,0.827451,0.929412,0.14902,310577,0.1
"149",1578,2016,788348,13050,49,"13050_49","Southern Interior Low Plateau Dry-Mesic Oak Forest","Hardwood",61,117,9,7,12,7,81,"I-B",184,156,33,0.721569,0.611765,0.129412,175324,0.1
"150",1580,2018,1496450,13110,49,"13110_49","North-Central Interior Dry Oak Forest and Woodland","Hardwood",149,149,11,9,7,6,87,"I-B",179,207,143,0.701961,0.811765,0.560784,332802,0.1
"151",1595,2033,977853,14710,49,"14710_49_52","Central Interior and Appalachian Floodplain Systems","Riparian",-9999,426,68,59,-9999,14,86,"III-A",0,191,176,0,0.74902,0.690196,217469,0.1
"152",1632,2070,1081930,13100,47,"13100_47","North-Central Interior Dry-Mesic Oak Forest and Woodland","Hardwood",162,160,11,9,6,6,88,"I-B",176,163,222,0.690196,0.639216,0.870588,240615,0.1
"153",1640,2078,636103,13630,47,"13630_47_53","Central Interior Highlands Dry Acidic Glade and Barrens","Hardwood",29,16,7,4,15,27,58,"I-A",229,38,0,0.898039,0.14902,0,141466,0.1
"154",1641,2079,1669505,14010,47,"14010_43_44_47_48_53","Central Interior Highlands Calcareous Glade and Barrens","Grassland",19,16,5,3,18,21,61,"I-A",255,235,20,1,0.921569,0.078431,371289,0.1
"155",1653,2091,1563417,15180,47,"15180_43_47_49_52_62_63_64_65","North-Central Interior Wet Flatwoods","Hardwood",993,-9999,-9999,993,100,-9999,-9999,"V-B",211,237,38,0.827451,0.929412,0.14902,347696,0.1
"156",1689,2127,1789276,14710,42,"14710_42_43","Central Interior and Appalachian Floodplain Systems","Riparian",-9999,-9999,-9999,-9999,-9999,-9999,-9999,"-9999",0,191,176,0,0.74902,0.690196,397925,0.1
"157",1746,2723,1617802,13620,41,"13620_41_50","Laurentian-Acadian Northern Pine(-Oak) Forest","Hardwood-Conifer",355,680,12,11,3,2,95,"I-B",255,191,191,1,0.74902,0.74902,359791,0.1
"158",2,-1111,8829,-1111,-1111,"-1111","Fill-Not Mapped","Fill-Not Mapped",-9999,-9999,-9999,-9999,-9999,-9999,-9999,"-9999",111,111,111,0.435294,0.435294,0.435294,1964,0
"159",5,31,111267,31,0,"0","Barren-Rock/Sand/Clay","Barren-Rock/Sand/Clay",-9999,-9999,-9999,-9999,-9999,-9999,-9999,"-9999",191,191,191,0.74902,0.74902,0.74902,24745,0
"160",1120,1527,5018,14730,45,"14730_45_46_47_98_99","Gulf and Atlantic Coastal Plain Floodplain Systems","Riparian",115,-9999,100,53,46,-9999,54,"III-A",102,119,205,0.4,0.466667,0.803922,1116,0
"161",1122,1529,2129,14800,45,"14800_45_98","Gulf and Atlantic Coastal Plain Swamp Systems","Riparian",994,-9999,681,404,41,-9999,59,"V-A",102,212,179,0.4,0.831373,0.701961,473,0
"162",1129,1564,274025,13110,50,"13110_50","North-Central Interior Dry Oak Forest and Woodland","Hardwood",104,98,19,14,14,14,72,"I-B",179,207,143,0.701961,0.811765,0.560784,60942,0
"163",1138,1574,69849,14090,50,"14090_50_64","Great Lakes Alvar","Conifer",439,3247,-9999,387,88,12,-9999,"V-A",227,235,117,0.890196,0.921569,0.458824,15534,0
"164",1141,1577,56467,14440,50,"14440_41_50_51","Eastern Boreal Floodplain","Hardwood",-9999,581,312,203,-9999,35,65,"V-A",69,69,156,0.270588,0.270588,0.611765,12558,0
"165",1142,1578,183996,14660,50,"14660_50_51","Great Lakes Wooded Dune and Swale","Riparian",3715,536,-9999,468,13,87,-9999,"V-A",181,0,0,0.709804,0,0,40920,0
"166",1148,1584,277054,14920,50,"14920_41_50_51_52_63","Great Lakes Coastal Marsh Systems","Riparian",-9999,-9999,-9999,-9999,-9999,-9999,-9999,"-9999",122,245,202,0.478431,0.960784,0.792157,61615,0
"167",1156,1592,457321,13310,41,"13310_39_40_41","Eastern Great Plains Tallgrass Aspen Parkland","Hardwood",16,-9999,8,6,35,-9999,65,"I-B",220,240,0,0.862745,0.941176,0,101706,0
"168",1163,1601,498108,14071,41,"14071_41_50_51","Laurentian Pine-Oak Barrens","Hardwood-Conifer",109,75,5,4,4,6,90,"I-A",153,66,0,0.6,0.258824,0,110777,0
"169",1173,1611,2289,14920,41,"14920_41_50_51_52_63","Great Lakes Coastal Marsh Systems","Riparian",-9999,-9999,-9999,-9999,-9999,-9999,-9999,"-9999",122,245,202,0.478431,0.960784,0.792157,509,0
"170",1178,1616,457857,13023,51,"13023_51","Laurentian-Acadian Northern Hardwoods Forest-Northern Sugar Maple-Basswood","Hardwood",1016,-9999,-9999,1016,100,-9999,-9999,"V-B",38,105,0,0.14902,0.411765,0,101825,0
"171",1183,1621,301468,13442,51,"13442_51","Boreal Jack Pine-Black Spruce Forest-Spruce-Fir","Conifer",112,-9999,-9999,112,100,-9999,-9999,"IV-B",135,200,114,0.529412,0.784314,0.447059,67045,0
"172",1191,1629,611883,14072,51,"14072_41_50_51","Laurentian Pine-Oak Barrens-Jack Pine","Conifer",25,46,18,8,34,18,48,"I-B",153,66,100,0.6,0.258824,0.392157,136080,0
"173",1195,1633,405425,14440,51,"14440_41_50_51","Eastern Boreal Floodplain","Hardwood",-9999,581,312,203,-9999,35,65,"V-A",69,69,156,0.270588,0.270588,0.611765,90164,0
"174",1196,1634,62248,14660,51,"14660_50_51","Great Lakes Wooded Dune and Swale","Riparian",3715,536,-9999,468,13,87,-9999,"V-A",181,0,0,0.709804,0,0,13844,0
"175",1202,1640,199331,14920,51,"14920_41_50_51_52_63","Great Lakes Coastal Marsh Systems","Riparian",-9999,-9999,-9999,-9999,-9999,-9999,-9999,"-9999",122,245,202,0.478431,0.960784,0.792157,44330,0
"176",1203,1641,12414,14940,51,"14940_41_50_51","Laurentian-Acadian Shrub-Herbaceous Wetland Systems","Riparian",18,-9999,-9999,18,100,-9999,-9999,"II-C",0,168,107,0,0.658824,0.419608,2761,0
"177",1207,1645,625,11620,40,"11620_31_39_40","Western Great Plains Floodplain Systems","Riparian",250,94,196,51,20,54,26,"III-A",102,153,205,0.4,0.6,0.803922,139,0
"178",1208,1646,366885,13010,40,"13010_40","Boreal Aspen-Birch Forest","Conifer",82,-9999,-9999,82,100,-9999,-9999,"IV-A",255,245,56,1,0.960784,0.219608,81593,0
"179",1209,1647,902,13020,40,"13020_40","Laurentian-Acadian Northern Hardwoods Forest","Hardwood",2109,-9999,-9999,2109,100,-9999,-9999,"V-B",76,230,0,0.298039,0.901961,0,201,0
"180",1210,1648,531014,13140,40,"13140_38_39_40_41_42_43_44_50","North-Central Interior Maple-Basswood Forest","Hardwood",1027,-9999,857,467,46,-9999,54,"V-A",237,161,102,0.929412,0.631373,0.4,118095,0
"181",1212,1650,114427,13651,40,"13651_40_41_50","Boreal White Spruce-Fir-Hardwood Forest-Inland","Conifer",250,1468,-9999,213,85,15,-9999,"V-A",147,194,114,0.576471,0.760784,0.447059,25448,0
"182",1217,1655,425933,14690,40,"14690_31_39_40_43","Eastern Great Plains Floodplain Systems","Riparian",517,77,176,48,9,63,28,"III-A",75,170,190,0.294118,0.666667,0.745098,94725,0
"183",1220,1658,18437,14950,40,"14950_31_39_40","Western Great Plains Depressional Wetland Systems","Riparian",20,-9999,-9999,20,100,-9999,-9999,"II-C",104,0,156,0.407843,0,0.611765,4100,0
"184",1225,1663,267749,13100,39,"13100_39","North-Central Interior Dry-Mesic Oak Forest and Woodland","Hardwood",112,43,47,19,17,43,40,"I-C",176,163,222,0.690196,0.639216,0.870588,59546,0
"185",1226,1664,35198,13110,39,"13110_39","North-Central Interior Dry Oak Forest and Woodland","Hardwood",77,85,19,13,17,15,68,"I-B",179,207,143,0.701961,0.811765,0.560784,7828,0
"186",1227,1665,318776,13140,39,"13140_38_39_40_41_42_43_44_50","North-Central Interior Maple-Basswood Forest","Hardwood",1027,-9999,857,467,46,-9999,54,"V-A",237,161,102,0.929412,0.631373,0.4,70894,0
"187",1229,1667,2847,13850,39,"13850_31_39_40_42","Western Great Plains Wooded Draw and Ravine","Shrubland",91,65,230,32,36,50,14,"I-C",168,168,0,0.658824,0.658824,0,633,0
"188",1230,1668,164072,13940,39,"13940_39_40_41","North-Central Interior Oak Savanna","Hardwood",550,165,5,5,1,3,96,"I-A",230,213,138,0.901961,0.835294,0.541176,36489,0
"189",1234,1672,489402,14820,39,"14820_39_40","Great Plains Prairie Pothole","Grassland",50,-9999,-9999,50,100,-9999,-9999,"IV-A",156,100,163,0.611765,0.392157,0.639216,108840,0
"190",1403,1841,1946,13160,60,"13160_60","Southern Piedmont Mesic Forest","Hardwood",499,355,52,41,8,12,80,"III-A",99,199,125,0.388235,0.780392,0.490196,433,0
"191",1404,1842,327022,13240,60,"13240_60_65_66","Northern Atlantic Coastal Plain Hardwood Forest","Hardwood",48,44,4,4,8,8,84,"I-A",161,112,90,0.631373,0.439216,0.352941,72728,0
"192",1406,1844,271238,13430,60,"13430_58_60","Atlantic Coastal Plain Mesic Hardwood Forest","Hardwood",479,382,43,36,8,9,83,"III-A",168,112,0,0.658824,0.439216,0,60322,0
"193",1408,1846,2141,13520,60,"13520_53_54_57_59_60_61","Southern Appalachian Montane Pine Forest and Woodland","Conifer",88,101,5,5,6,5,89,"I-A",117,71,197,0.458824,0.278431,0.772549,476,0
"194",1410,1848,53313,13550,60,"13550_60_65","Northern Atlantic Coastal Plain Pitch Pine Barrens","Conifer",77,31,12,8,10,25,65,"I-B",255,165,82,1,0.647059,0.321569,11857,0
"195",1412,1850,16265,13680,60,"13680_46_48_54_57_59_60_61","Southern Piedmont Dry Oak(-Pine) Forest","Hardwood-Conifer",325,235,5,5,2,2,96,"I-A",211,186,255,0.827451,0.729412,1,3617,0
"196",1415,1853,4,13750,60,"13750_60","Eastern Serpentine Woodland","Hardwood-Conifer",87,56,5,5,6,8,86,"I-A",229,94,99,0.898039,0.368627,0.388235,1,0
"197",1416,1854,73395,13770,60,"13770_60_61_63_64_65_66","Central Appalachian Pine-Oak Rocky Woodland","Hardwood-Conifer",412,384,4645,190,46,50,4,"III-B",255,0,77,1,0,0.301961,16323,0
"198",1417,1855,33447,13790,60,"13790_60_65","Northern Atlantic Coastal Plain Maritime Forest","Hardwood-Conifer",74,160,9,7,10,5,85,"I-B",237,0,179,0.929412,0,0.701961,7438,0
"199",1418,1856,41262,14000,60,"14000_60_61","Central Appalachian Alkaline Glade and Woodland","Savanna",5,19,1583,4,78,21,1,"II-A",255,153,229,1,0.6,0.898039,9176,0
"200",1419,1857,3769,14360,60,"14360_60","Northern Atlantic Coastal Plain Dune and Swale","Grassland",8,14,-9999,5,63,37,-9999,"I-A",100,31,87,0.392157,0.121569,0.341176,838,0
"201",1423,1861,154958,14710,60,"14710_47_48_53_54_57_59_60_61_63","Central Interior and Appalachian Floodplain Systems","Riparian",613,392,121,80,13,21,66,"III-A",0,191,176,0,0.74902,0.690196,34462,0
"202",1424,1862,10011,14720,60,"14720_53_54_57_59_60","Central Interior and Appalachian Riparian Systems","Riparian",997,-9999,202,168,17,-9999,83,"III-B",36,255,20,0.141176,1,0.078431,2226,0
"203",1425,1863,62276,14730,60,"14730_55_58_60","Gulf and Atlantic Coastal Plain Floodplain Systems","Riparian",114,-9999,101,54,47,-9999,53,"III-A",102,119,205,0.4,0.466667,0.803922,13850,0
"204",1426,1864,18199,14740,60,"14740_46_47_48_55_56_58_60_99","Gulf and Atlantic Coastal Plain Small Stream Riparian Systems","Riparian",477,202,131,68,14,34,52,"III-A",171,185,235,0.670588,0.72549,0.921569,4047,0
"205",1427,1865,42467,14790,60,"14790_60_61_63_64_65_66","Central Interior and Appalachian Swamp Systems","Riparian",1011,-9999,1353,578,57,-9999,43,"V-B",207,61,255,0.811765,0.239216,1,9444,0
"206",1428,1866,24978,14800,60,"14800_46_56_58_60_64_65_66","Gulf and Atlantic Coastal Plain Swamp Systems","Riparian",-9999,-9999,221,221,-9999,-9999,100,"V-A",102,212,179,0.4,0.831373,0.701961,5555,0
"207",1429,1867,18958,14900,60,"14900_60","Gulf and Atlantic Coastal Plain Tidal Marsh Systems","Riparian",5,294,-9999,5,98,2,-9999,"II-A",255,235,0,1,0.921569,0,4216,0
"208",1430,1868,1706,14980,60,"14980","Gulf and Atlantic Coastal Plain Sparsely Vegetated Systems","Sparse",-9999,-9999,-9999,-9999,-9999,-9999,-9999,"-9999",171,97,56,0.670588,0.380392,0.219608,379,0
"209",1433,1871,2,13150,61,"13150_48_53_57_59_61","Southern Appalachian Oak Forest","Hardwood",604,138,16,14,2,10,88,"I-B",181,227,194,0.709804,0.890196,0.760784,0,0
"210",1436,1874,212253,13180,61,"13180_57_59_61","Southern and Central Appalachian Cove Forest","Hardwood",994,498,100,77,8,15,77,"III-A",138,177,255,0.541176,0.694118,1,47204,0
"211",1437,1875,70511,13200,61,"13200_48_57_61","Central and Southern Appalachian Montane Oak Forest","Hardwood",147,95,33,21,14,22,64,"I-C",180,130,180,0.705882,0.509804,0.705882,15681,0
"212",1439,1877,999,13400,61,"13400_61","Appalachian Shale Barrens","Hardwood",-9999,1025,-9999,1025,-9999,100,-9999,"V-B",156,156,156,0.611765,0.611765,0.611765,222,0
"213",1440,1878,761,13500,61,"13500_61","Central and Southern Appalachian Spruce-Fir Forest","Conifer",834,12028,-9999,780,93,7,-9999,"V-B",144,43,181,0.564706,0.168627,0.709804,169,0
"214",1441,1879,9545,13520,61,"13520_53_54_57_59_60_61","Southern Appalachian Montane Pine Forest and Woodland","Conifer",88,101,5,5,6,5,89,"I-A",117,71,197,0.458824,0.278431,0.772549,2123,0
"215",1446,1884,140,13760,61,"13760_48_53_57_61","Southern Ridge and Valley/Cumberland Dry Calcareous Forest","Hardwood",187,109,8,7,4,6,90,"I-B",222,153,122,0.870588,0.6,0.478431,31,0
"216",1447,1885,14507,13770,61,"13770_60_61_63_64_65_66","Central Appalachian Pine-Oak Rocky Woodland","Hardwood-Conifer",412,384,4645,190,46,50,4,"III-B",255,0,77,1,0,0.301961,3226,0
"217",1448,1886,186341,14000,61,"14000_60_61","Central Appalachian Alkaline Glade and Woodland","Savanna",5,19,1583,4,78,21,1,"II-A",255,153,229,1,0.6,0.898039,41441,0
"218",1451,1889,89772,14790,61,"14790_60_61_63_64_65_66","Central Interior and Appalachian Swamp Systems","Riparian",1011,-9999,1353,578,57,-9999,43,"V-B",207,61,255,0.811765,0.239216,1,19965,0
"219",1454,1892,13771,13210,63,"13210_61_63","South-Central Interior Mesophytic Forest","Hardwood",847,573,102,78,9,14,77,"III-A",71,135,148,0.278431,0.529412,0.580392,3063,0
"220",1455,1893,173208,13620,63,"13620_51_63_64_65_66","Laurentian-Acadian Northern Pine(-Oak) Forest","Hardwood-Conifer",309,447,65,48,16,11,73,"III-A",255,191,191,1,0.74902,0.74902,38521,0
"221",1459,1897,26643,13730,63,"13730_63_64","Acadian Low-Elevation Spruce-Fir-Hardwood Forest","Hardwood-Conifer",1053,-9999,-9999,1053,100,-9999,-9999,"V-B",130,160,100,0.509804,0.627451,0.392157,5925,0
"222",1460,1898,61340,13770,63,"13770_60_61_63_64_65_66","Central Appalachian Pine-Oak Rocky Woodland","Hardwood-Conifer",412,384,4645,190,46,50,4,"III-B",255,0,77,1,0,0.301961,13642,0
"223",1461,1899,17962,14000,63,"14000_63","Central Appalachian Alkaline Glade and Woodland","Savanna",5,19,1421,4,78,21,1,"II-A",255,153,229,1,0.6,0.898039,3995,0
"224",1465,1903,63562,14770,63,"14770_63_64_65_66","Boreal Acidic Peatland Systems","Riparian",935,-9999,170,144,15,-9999,85,"III-B",106,0,138,0.415686,0,0.541176,14136,0
"225",1467,1905,191630,14810,63,"14810_41_50_51_63","Laurentian-Acadian Alkaline Conifer-Hardwood Swamp","Riparian",989,-9999,-9999,989,100,-9999,-9999,"V-B",232,189,255,0.909804,0.741176,1,42617,0
"226",1468,1906,383858,14920,63,"14920_41_50_51_52_63","Great Lakes Coastal Marsh Systems","Riparian",-9999,-9999,-9999,-9999,-9999,-9999,-9999,"-9999",122,245,202,0.478431,0.960784,0.792157,85368,0
"227",1469,1907,262326,14940,63,"14940_63_65_66","Laurentian-Acadian Shrub-Herbaceous Wetland Systems","Riparian",792,-9999,-9999,792,100,-9999,-9999,"V-B",0,168,107,0,0.658824,0.419608,58340,0
"228",1470,1908,437469,15180,63,"15180_43_47_49_52_62_63_64_65","North-Central Interior Wet Flatwoods","Hardwood",993,-9999,-9999,993,100,-9999,-9999,"V-B",211,237,38,0.827451,0.929412,0.14902,97291,0
"229",1476,1914,250961,13700,62,"13700_53_61_62","Appalachian (Hemlock-)Northern Hardwood Forest","Hardwood",1036,1083,-9999,529,51,49,-9999,"V-B",214,255,145,0.839216,1,0.568627,55812,0
"230",1479,1917,144567,14790,62,"14790_52_62","Central Interior and Appalachian Swamp Systems","Riparian",989,-9999,-9999,989,100,-9999,-9999,"V-B",207,61,255,0.811765,0.239216,1,32151,0
"231",1480,1918,70731,14930,62,"14930_52_62","Central Interior and Appalachian Shrub-Herbaceous Wetland Systems","Riparian",17,-9999,-9999,17,100,-9999,-9999,"II-C",240,150,20,0.941176,0.588235,0.078431,15730,0
"232",1485,1923,208163,13550,65,"13550_60_65","Northern Atlantic Coastal Plain Pitch Pine Barrens","Conifer",77,31,12,8,10,25,65,"I-B",255,165,82,1,0.647059,0.321569,46294,0
"233",1486,1924,117314,13620,65,"13620_51_63_64_65_66","Laurentian-Acadian Northern Pine(-Oak) Forest","Hardwood-Conifer",309,447,65,48,16,11,73,"III-A",255,191,191,1,0.74902,0.74902,26090,0
"234",1487,1925,583992,13660,65,"13660_51_63_64_65_66","Laurentian-Acadian Pine-Hemlock-Hardwood Forest","Hardwood-Conifer",482,998,289,153,32,15,53,"III-B",208,255,99,0.815686,1,0.388235,129877,0
"235",1490,1928,7994,13730,65,"13730_65_66","Acadian Low-Elevation Spruce-Fir-Hardwood Forest","Hardwood-Conifer",1127,-9999,-9999,1127,100,-9999,-9999,"V-B",130,160,100,0.509804,0.627451,0.392157,1778,0
"236",1491,1929,18607,13740,65,"13740_64_65_66","Acadian-Appalachian Montane Spruce-Fir Forest","Hardwood-Conifer",580,-9999,-9999,580,100,-9999,-9999,"V-B",144,107,181,0.564706,0.419608,0.709804,4138,0
"237",1492,1930,421616,13770,65,"13770_60_61_63_64_65_66","Central Appalachian Pine-Oak Rocky Woodland","Hardwood-Conifer",412,384,4645,190,46,50,4,"III-B",255,0,77,1,0,0.301961,93765,0
"238",1493,1931,10334,13790,65,"13790_60_65","Northern Atlantic Coastal Plain Maritime Forest","Hardwood-Conifer",74,160,9,7,10,5,85,"I-B",237,0,179,0.929412,0,0.701961,2298,0
"239",1494,1932,91561,14360,65,"14360_65_66","Northern Atlantic Coastal Plain Dune and Swale","Grassland",10,17,-9999,6,62,38,-9999,"I-B",100,31,87,0.392157,0.121569,0.341176,20363,0
"240",1495,1933,105621,14710,65,"14710_64_65","Central Interior and Appalachian Floodplain Systems","Riparian",603,392,120,80,14,20,66,"III-A",0,191,176,0,0.74902,0.690196,23490,0
"241",1496,1934,48763,14720,65,"14720_64_65_66","Central Interior and Appalachian Riparian Systems","Riparian",984,-9999,198,165,17,-9999,83,"III-B",36,255,20,0.141176,1,0.078431,10845,0
"242",1497,1935,32900,14750,65,"14750_41_50_51_63_64_65_66","Laurentian-Acadian Floodplain Systems","Riparian",-9999,435,68,59,-9999,14,86,"III-A",122,143,245,0.478431,0.560784,0.960784,7317,0
"243",1498,1936,12779,14770,65,"14770_63_64_65_66","Boreal Acidic Peatland Systems","Riparian",935,-9999,170,144,15,-9999,85,"III-B",106,0,138,0.415686,0,0.541176,2842,0
"244",1500,1938,207445,14800,65,"14800_46_56_58_60_64_65_66","Gulf and Atlantic Coastal Plain Swamp Systems","Riparian",-9999,-9999,221,221,-9999,-9999,100,"V-A",102,212,179,0.4,0.831373,0.701961,46135,0
"245",1501,1939,162701,14900,65,"14900_65_66","Gulf and Atlantic Coastal Plain Tidal Marsh Systems","Riparian",508,-9999,-9999,508,100,-9999,-9999,"V-B",255,235,0,1,0.921569,0,36184,0
"246",1502,1940,248521,14940,65,"14940_63_65_66","Laurentian-Acadian Shrub-Herbaceous Wetland Systems","Riparian",792,-9999,-9999,792,100,-9999,-9999,"V-B",0,168,107,0,0.658824,0.419608,55270,0
"247",1503,1941,415329,15180,65,"15180_43_47_49_52_62_63_64_65","North-Central Interior Wet Flatwoods","Hardwood",993,-9999,-9999,993,100,-9999,-9999,"V-B",211,237,38,0.827451,0.929412,0.14902,92367,0
"248",1504,1942,163668,15260,65,"15260_64_65_66","Laurentian-Acadian Swamp Systems","Riparian",1011,-9999,-9999,1011,100,-9999,-9999,"V-B",232,160,255,0.909804,0.627451,1,36399,0
"249",1507,1945,372040,13540,64,"13540_64_66","Northeastern Interior Pine Barrens","Conifer",77,31,12,8,10,24,66,"I-B",255,196,82,1,0.768627,0.321569,82740,0
"250",1515,1953,276217,13890,64,"13890_64_66","Acadian-Appalachian Subalpine Woodland and Heath-Krummholz","Shrubland",3351,1795,4331,916,27,51,22,"V-B",150,255,231,0.588235,1,0.905882,61429,0
"251",1516,1954,1129,14000,64,"14000_64","Central Appalachian Alkaline Glade and Woodland","Savanna",5,19,1604,4,78,21,1,"II-A",255,153,229,1,0.6,0.898039,251,0
"252",1517,1955,13517,14090,64,"14090_50_64","Great Lakes Alvar","Conifer",439,3247,-9999,387,88,12,-9999,"V-A",227,235,117,0.890196,0.921569,0.458824,3006,0
"253",1521,1959,270732,14770,64,"14770_63_64_65_66","Boreal Acidic Peatland Systems","Riparian",935,-9999,170,144,15,-9999,85,"III-B",106,0,138,0.415686,0,0.541176,60209,0
"254",1522,1960,448215,14790,64,"14790_60_61_63_64_65_66","Central Interior and Appalachian Swamp Systems","Riparian",1011,-9999,1353,578,57,-9999,43,"V-B",207,61,255,0.811765,0.239216,1,99681,0
"255",1523,1961,5384,14800,64,"14800_46_56_58_60_64_65_66","Gulf and Atlantic Coastal Plain Swamp Systems","Riparian",-9999,-9999,221,221,-9999,-9999,100,"V-A",102,212,179,0.4,0.831373,0.701961,1197,0
"256",1524,1962,29568,14940,64,"14940_64","Laurentian-Acadian Shrub-Herbaceous Wetland Systems","Riparian",794,-9999,-9999,794,100,-9999,-9999,"V-B",0,168,107,0,0.658824,0.419608,6576,0
"257",1526,1964,493044,15260,64,"15260_64_65_66","Laurentian-Acadian Swamp Systems","Riparian",1011,-9999,-9999,1011,100,-9999,-9999,"V-B",232,160,255,0.909804,0.627451,1,109650,0
"258",1532,1970,380069,14110,52,"14110_49_51_52","Great Lakes Wet-Mesic Lakeplain Prairie","Riparian",24,-9999,-9999,24,100,-9999,-9999,"II-C",235,255,0,0.921569,1,0,84525,0
"259",1533,1971,232622,14120,52,"14120_52","North-Central Interior Sand and Gravel Tallgrass Prairie","Grassland",4,-9999,89,3,96,-9999,4,"II-A",214,0,157,0.839216,0,0.615686,51734,0
"260",1537,1975,320701,14920,52,"14920_41_50_51_52_63","Great Lakes Coastal Marsh Systems","Riparian",-9999,-9999,-9999,-9999,-9999,-9999,-9999,"-9999",122,245,202,0.478431,0.960784,0.792157,71322,0
"261",1540,1978,5810,13020,66,"13020_65_66","Laurentian-Acadian Northern Hardwoods Forest","Hardwood",983,-9999,-9999,983,100,-9999,-9999,"V-B",76,230,0,0.298039,0.901961,0,1292,0
"262",1543,1981,36,13540,66,"13540_64_66","Northeastern Interior Pine Barrens","Conifer",77,31,12,8,10,24,66,"I-B",255,196,82,1,0.768627,0.321569,8,0
"263",1544,1982,677,13620,66,"13620_51_63_64_65_66","Laurentian-Acadian Northern Pine(-Oak) Forest","Hardwood-Conifer",309,447,65,48,16,11,73,"III-A",255,191,191,1,0.74902,0.74902,151,0
"264",1545,1983,235,13660,66,"13660_51_63_64_65_66","Laurentian-Acadian Pine-Hemlock-Hardwood Forest","Hardwood-Conifer",482,998,289,153,32,15,53,"III-B",208,255,99,0.815686,1,0.388235,52,0
"265",1546,1984,31,13690,66,"13690_60_61_63_64_65_66","Central Appalachian Dry Oak-Pine Forest","Hardwood-Conifer",182,463,15,14,8,3,89,"I-B",0,255,220,0,1,0.862745,7,0
"266",1548,1986,2500,13730,66,"13730_65_66","Acadian Low-Elevation Spruce-Fir-Hardwood Forest","Hardwood-Conifer",1127,-9999,-9999,1127,100,-9999,-9999,"V-B",130,160,100,0.509804,0.627451,0.392157,556,0
"267",1549,1987,1,13740,66,"13740_64_65_66","Acadian-Appalachian Montane Spruce-Fir Forest","Hardwood-Conifer",580,-9999,-9999,580,100,-9999,-9999,"V-B",144,107,181,0.564706,0.419608,0.709804,0,0
"268",1550,1988,71,13770,66,"13770_60_61_63_64_65_66","Central Appalachian Pine-Oak Rocky Woodland","Hardwood-Conifer",412,384,4645,190,46,50,4,"III-B",255,0,77,1,0,0.301961,16,0
"269",1555,1993,359,14750,66,"14750_41_50_51_63_64_65_66","Laurentian-Acadian Floodplain Systems","Riparian",-9999,435,68,59,-9999,14,86,"III-A",122,143,245,0.478431,0.560784,0.960784,80,0
"270",1557,1995,1053,14790,66,"14790_60_61_63_64_65_66","Central Interior and Appalachian Swamp Systems","Riparian",1011,-9999,1353,578,57,-9999,43,"V-B",207,61,255,0.811765,0.239216,1,234,0
"271",1560,1998,468,14940,66,"14940_63_65_66","Laurentian-Acadian Shrub-Herbaceous Wetland Systems","Riparian",792,-9999,-9999,792,100,-9999,-9999,"V-B",0,168,107,0,0.658824,0.419608,104,0
"272",1561,1999,8267,15260,66,"15260_64_65_66","Laurentian-Acadian Swamp Systems","Riparian",1011,-9999,-9999,1011,100,-9999,-9999,"V-B",232,160,255,0.909804,0.627451,1,1839,0
"273",1562,2000,47747,13050,53,"13050_53","Southern Interior Low Plateau Dry-Mesic Oak Forest","Hardwood",2,1007,15,2,88,1,11,"II-A",184,156,33,0.721569,0.611765,0.129412,10619,0
"274",1564,2002,60917,13150,53,"13150_48_53_57_59_61","Southern Appalachian Oak Forest","Hardwood",604,138,16,14,2,10,88,"I-B",181,227,194,0.709804,0.890196,0.760784,13548,0
"275",1566,2004,25662,13180,53,"13180_48_53","Southern and Central Appalachian Cove Forest","Hardwood",555,727,88,69,12,10,78,"III-A",138,177,255,0.541176,0.694118,1,5707,0
"276",1569,2007,23,13530,53,"13530_46_48_53_54_57_59_60_61","Southern Appalachian Low-Elevation Pine Forest","Conifer",153,66,9,7,5,11,84,"I-B",255,200,97,1,0.784314,0.380392,5,0
"277",1571,2009,23240,13700,53,"13700_53_61_62","Appalachian (Hemlock-)Northern Hardwood Forest","Hardwood",1036,1083,-9999,529,51,49,-9999,"V-B",214,255,145,0.839216,1,0.568627,5168,0
"278",1573,2011,22456,14010,53,"14010_43_44_47_48_53","Central Interior Highlands Calcareous Glade and Barrens","Grassland",19,16,5,3,18,21,61,"I-A",255,235,20,1,0.921569,0.078431,4994,0
"279",1574,2012,379677,14710,53,"14710_47_48_53_54_57_59_60_61_63","Central Interior and Appalachian Floodplain Systems","Riparian",613,392,121,80,13,21,66,"III-A",0,191,176,0,0.74902,0.690196,84438,0
"280",1575,2013,567598,14720,53,"14720_53_54_57_59_60","Central Interior and Appalachian Riparian Systems","Riparian",997,-9999,202,168,17,-9999,83,"III-B",36,255,20,0.141176,1,0.078431,126231,0
"281",1576,2014,25950,14790,53,"14790_41_42_47_48_50_51_53","Central Interior and Appalachian Swamp Systems","Riparian",987,-9999,-9999,987,100,-9999,-9999,"V-B",207,61,255,0.811765,0.239216,1,5771,0
"282",1577,2015,441071,13040,49,"13040_32_43_44_49","Ozark-Ouachita Dry-Mesic Oak Forest","Hardwood",188,66,15,11,6,17,77,"I-B",115,115,0,0.45098,0.45098,0,98092,0
"283",1581,2019,138939,13130,49,"13130_49_52_62","North-Central Interior Beech-Maple Forest","Hardwood",1026,-9999,852,465,45,-9999,55,"V-A",0,156,44,0,0.611765,0.172549,30899,0
"284",1584,2022,3812,13260,49,"13260_49","South-Central Interior/Upper Coastal Plain Flatwoods","Hardwood",128,33,17,10,8,31,61,"I-B",156,237,38,0.611765,0.929412,0.14902,848,0
"285",1585,2023,381996,13640,49,"13640_32_44_49","Ozark-Ouachita Dry Oak Woodland","Hardwood",38,89,6,5,13,5,82,"I-A",97,69,0,0.380392,0.270588,0,84954,0
"286",1586,2024,83777,13940,49,"13940_44_49","North-Central Interior Oak Savanna","Hardwood",550,189,5,5,1,3,96,"I-A",230,213,138,0.901961,0.835294,0.541176,18632,0
"287",1587,2025,1662,13950,49,"13950_41_42_43_49_52","North-Central Oak Barrens","Hardwood",341,246,5,5,1,2,97,"I-A",255,235,176,1,0.921569,0.690196,370,0
"288",1588,2026,203917,14010,49,"14010_49","Central Interior Highlands Calcareous Glade and Barrens","Grassland",19,16,5,3,18,21,61,"I-A",255,235,20,1,0.921569,0.078431,45350,0
"289",1589,2027,3266,14110,49,"14110_49_51_52","Great Lakes Wet-Mesic Lakeplain Prairie","Riparian",24,-9999,-9999,24,100,-9999,-9999,"II-C",235,255,0,0.921569,1,0,726,0
"290",1590,2028,91006,14120,49,"14120_49","North-Central Interior Sand and Gravel Tallgrass Prairie","Grassland",4,-9999,87,3,96,-9999,4,"II-A",214,0,157,0.839216,0,0.615686,20239,0
"291",1592,2030,29839,14570,49,"14570_49","South-Central Interior/Upper Coastal Plain Wet Flatwoods","Hardwood",93,120,13,11,11,9,80,"I-B",186,237,38,0.729412,0.929412,0.14902,6636,0
"292",1593,2031,465708,14660,49,"14660_49","Great Lakes Wooded Dune and Swale","Riparian",2663,533,-9999,444,17,83,-9999,"V-A",181,0,0,0.709804,0,0,103571,0
"293",1594,2032,444315,14690,49,"14690_38_42_49","Eastern Great Plains Floodplain Systems","Riparian",510,76,177,48,10,63,27,"III-A",75,170,190,0.294118,0.666667,0.745098,98813,0
"294",1596,2034,29635,14720,49,"14720_49","Central Interior and Appalachian Riparian Systems","Riparian",996,-9999,198,165,17,-9999,83,"III-B",36,255,20,0.141176,1,0.078431,6591,0
"295",1597,2035,3700,15170,49,"15170_42_49_50","Paleozoic Plateau Bluff and Talus","Hardwood-Conifer",15,126,102,12,79,9,12,"II-B",106,117,0,0.415686,0.458824,0,823,0
"296",1598,2036,529301,15180,49,"15180_43_47_49_52_62_63_64_65","North-Central Interior Wet Flatwoods","Hardwood",993,-9999,-9999,993,100,-9999,-9999,"V-B",211,237,38,0.827451,0.929412,0.14902,117714,0
"297",1601,2039,16,13100,43,"13100_38_42_43","North-Central Interior Dry-Mesic Oak Forest and Woodland","Hardwood",126,50,76,24,19,49,32,"I-C",176,163,222,0.690196,0.639216,0.870588,4,0
"298",1603,2041,5,13140,43,"13140_38_39_40_41_42_43_44_50","North-Central Interior Maple-Basswood Forest","Hardwood",1027,-9999,857,467,46,-9999,54,"V-A",237,161,102,0.929412,0.631373,0.4,1,0
"299",1605,2043,33,13950,43,"13950_41_42_43_49_52","North-Central Oak Barrens","Hardwood",341,246,5,5,1,2,97,"I-A",255,235,176,1,0.921569,0.690196,7,0
"300",1606,2044,1,14010,43,"14010_43_44_47_48_53","Central Interior Highlands Calcareous Glade and Barrens","Grassland",19,16,5,3,18,21,61,"I-A",255,235,20,1,0.921569,0.078431,0,0
"301",1608,2046,176,14210,43,"14210_31_38_42_43_44_50_51","Central Tallgrass Prairie","Grassland",4,-9999,-9999,4,100,-9999,-9999,"II-A",232,255,196,0.909804,1,0.768627,39,0
"302",1610,2048,114,14690,43,"14690_31_39_40_43","Eastern Great Plains Floodplain Systems","Riparian",517,77,176,48,9,63,28,"III-A",75,170,190,0.294118,0.666667,0.745098,25,0
"303",1611,2049,3806,14710,43,"14710_42_43","Central Interior and Appalachian Floodplain Systems","Riparian",-9999,-9999,-9999,-9999,-9999,-9999,-9999,"-9999",0,191,176,0,0.74902,0.690196,846,0
"304",1612,2050,131,14880,43,"14880_38_42_43","Eastern Great Plains Wet Meadow-Prairie-Marsh","Grassland",3,-9999,-9999,3,100,-9999,-9999,"II-A",148,20,51,0.580392,0.078431,0.2,29,0
"305",1613,2051,11,15180,43,"15180_43_47_49_52_62_63_64_65","North-Central Interior Wet Flatwoods","Hardwood",993,-9999,-9999,993,100,-9999,-9999,"V-B",211,237,38,0.827451,0.929412,0.14902,2,0
"306",1630,2068,115,13060,47,"13060_47_48","East Gulf Coastal Plain Northern Loess Plain Oak-Hickory Upland","Hardwood",386,87,9,8,2,10,88,"I-B",217,148,171,0.85098,0.580392,0.670588,26,0
"307",1636,2074,99615,13260,47,"13260_47","South-Central Interior/Upper Coastal Plain Flatwoods","Hardwood",187,182,5,5,3,3,94,"I-A",156,237,38,0.611765,0.929412,0.14902,22154,0
"308",1638,2076,69566,13530,47,"13530_47","Southern Appalachian Low-Elevation Pine Forest","Conifer",100,1204,2,2,2,1,97,"I-A",255,200,97,1,0.784314,0.380392,15471,0
"309",1639,2077,11,13570,47,"13570_46_47_55_58_99","Southern Coastal Plain Mesic Slope Forest","Hardwood",402,159,52,35,9,22,69,"I-C",191,151,71,0.74902,0.592157,0.278431,2,0
"310",1642,2080,65954,14130,47,"14130_47","Bluegrass Savanna and Woodland","Hardwood",81,132,62,28,34,21,45,"I-C",199,227,148,0.780392,0.890196,0.580392,14668,0
"311",1643,2081,3517,14180,47,"14180_47","Pennyroyal Karst Plain Prairie and Barrens","Grassland",2,75,22,1,91,2,7,"II-A",232,227,138,0.909804,0.890196,0.541176,782,0
"312",1645,2083,6901,14570,47,"14570_47_48","South-Central Interior/Upper Coastal Plain Wet Flatwoods","Hardwood",189,118,9,8,4,7,89,"I-B",186,237,38,0.729412,0.929412,0.14902,1535,0
"313",1648,2086,931,14730,47,"14730_45_46_47_98_99","Gulf and Atlantic Coastal Plain Floodplain Systems","Riparian",115,-9999,100,53,46,-9999,54,"III-A",102,119,205,0.4,0.466667,0.803922,207,0
"314",1652,2090,574,15090,47,"15090_45_47","Mississippi River Alluvial Plain Dry-Mesic Loess Slope Forest","Hardwood",479,106,88,44,10,41,49,"III-A",0,107,82,0,0.419608,0.321569,128,0
"315",1680,2118,182059,13110,42,"13110_42_43","North-Central Interior Dry Oak Forest and Woodland","Hardwood",141,111,11,9,7,8,85,"I-B",179,207,143,0.701961,0.811765,0.560784,40489,0
"316",1682,2120,117844,13850,42,"13850_31_39_40_42","Western Great Plains Wooded Draw and Ravine","Shrubland",91,65,230,32,36,50,14,"I-C",168,168,0,0.658824,0.658824,0,26208,0
"317",1683,2121,230058,13940,42,"13940_42","North-Central Interior Oak Savanna","Hardwood",530,167,5,5,1,3,96,"I-A",230,213,138,0.901961,0.835294,0.541176,51164,0
"318",1684,2122,20177,13950,42,"13950_41_42_43_49_52","North-Central Oak Barrens","Hardwood",341,246,5,5,1,2,97,"I-A",255,235,176,1,0.921569,0.690196,4487,0
"319",1685,2123,188401,14120,42,"14120_39_40_41_42_43_50_51","North-Central Interior Sand and Gravel Tallgrass Prairie","Grassland",4,-9999,87,3,96,-9999,4,"II-A",214,0,157,0.839216,0,0.615686,41899,0
"320",1688,2126,598194,14690,42,"14690_38_42_49","Eastern Great Plains Floodplain Systems","Riparian",510,76,177,48,10,63,27,"III-A",75,170,190,0.294118,0.666667,0.745098,133035,0
"321",1690,2128,87155,14790,42,"14790_41_42_47_48_50_51_53","Central Interior and Appalachian Swamp Systems","Riparian",987,-9999,-9999,987,100,-9999,-9999,"V-B",207,61,255,0.811765,0.239216,1,19383,0
"322",1691,2129,23255,14880,42,"14880_38_42_43","Eastern Great Plains Wet Meadow-Prairie-Marsh","Grassland",3,-9999,-9999,3,100,-9999,-9999,"II-A",148,20,51,0.580392,0.078431,0.2,5172,0
"323",1692,2130,164918,14930,42,"14930_41_42_44_50","Central Interior and Appalachian Shrub-Herbaceous Wetland Systems","Riparian",17,-9999,-9999,17,100,-9999,-9999,"II-C",240,150,20,0.941176,0.588235,0.078431,36677,0
"324",1693,2131,178748,15170,42,"15170_42_49_50","Paleozoic Plateau Bluff and Talus","Hardwood-Conifer",15,126,102,12,79,9,12,"II-B",106,117,0,0.415686,0.458824,0,39753,0
"325",1696,2134,11,13100,44,"13100_44_50","North-Central Interior Dry-Mesic Oak Forest and Woodland","Hardwood",123,49,76,24,20,48,32,"I-C",176,163,222,0.690196,0.639216,0.870588,2,0
"326",1697,2135,735,13110,44,"13110_44","North-Central Interior Dry Oak Forest and Woodland","Hardwood",107,99,19,14,13,14,73,"I-B",179,207,143,0.701961,0.811765,0.560784,163,0
"327",1699,2137,3,13140,44,"13140_38_39_40_41_42_43_44_50","North-Central Interior Maple-Basswood Forest","Hardwood",1027,-9999,857,467,46,-9999,54,"V-A",237,161,102,0.929412,0.631373,0.4,1,0
"328",1706,2144,6,13940,44,"13940_44_49","North-Central Interior Oak Savanna","Hardwood",550,189,5,5,1,3,96,"I-A",230,213,138,0.901961,0.835294,0.541176,1,0
"329",1714,2152,68482,14710,44,"14710_44","Central Interior and Appalachian Floodplain Systems","Riparian",-9999,-9999,-9999,-9999,-9999,-9999,-9999,"-9999",0,191,176,0,0.74902,0.690196,15230,0
"330",1716,2154,13414,14720,44,"14720_44_46_47_48","Central Interior and Appalachian Riparian Systems","Riparian",990,-9999,200,167,17,-9999,83,"III-B",36,255,20,0.141176,1,0.078431,2983,0
"331",1720,2158,5,14930,44,"14930_41_42_44_50","Central Interior and Appalachian Shrub-Herbaceous Wetland Systems","Riparian",17,-9999,-9999,17,100,-9999,-9999,"II-C",240,150,20,0.941176,0.588235,0.078431,1,0
